label,left_knee_angle,right_knee_angle,left_hip_angle,right_hip_angle,left_ankle_angle,right_ankle_angle,torso_to_horizontal,shoulder_width,hip_width,knee_width,ankle_width,left_femur_length,right_femur_length,left_tibia_length,right_tibia_length,left_torso_length,right_torso_length,left_arm_length,right_arm_length,hip_to_ankle_center,knee_to_ankle_ratio_left,knee_to_ankle_ratio_right,knee_forward_left,knee_forward_right
downdog,179.56794612879855,178.2322030960046,91.30894565433469,87.00977225479632,0.22468434599379783,0.897656742431006,125.05533320051029,1.0406084060668945,0.9593914151191711,1.0038540363311768,1.301748275756836,6.344600677490234,5.509628772735596,5.918592929840088,5.341857433319092,8.792634963989258,7.501718997955322,7.580569744110107,6.0015058517456055,11.555093765258789,0.9328549262341297,0.9695492535184985,4.860411643981934,4.345790863037109
downdog,172.54954498256802,173.6208353945185,54.81408919891412,55.554142260016306,3.5608448514375524,3.2194790855114284,119.68422638210602,0.9467544555664062,1.0532456636428833,1.121820330619812,1.8702826499938965,14.142688751220703,13.963652610778809,15.446518898010254,13.70412540435791,20.055419921875,18.63994789123535,16.96286392211914,14.449469566345215,28.57569122314453,1.092191030824035,0.9814140185903377,15.08405876159668,13.419615745544434
downdog,169.00472090819696,162.41324502577467,61.08797648536002,60.93567103125699,5.874463371351779,10.140125294249067,77.83991727764541,0.8236918449401855,1.1763079166412354,1.5334882736206055,3.0512895584106445,12.687389373779297,12.133452415466309,11.064501762390137,8.932014465332031,13.084046363830566,12.23912525177002,16.416587829589844,14.663385391235352,22.2321834564209,0.8720864918964627,0.7361477527862383,9.62028980255127,8.150601387023926
downdog,178.5097028947831,175.7468324876942,175.18260690228936,167.98250970692695,0.7638704685149376,2.30978177271179,98.02928286970496,1.3192780017852783,0.6807219386100769,0.41260427236557007,0.18511396646499634,1.8739434480667114,1.9327329397201538,1.7816424369812012,1.6260290145874023,2.3137998580932617,2.1504831314086914,2.6234612464904785,3.0694472789764404,3.597616672515869,0.9507445318452555,0.8413103227352855,0.6705899834632874,0.44634515047073364
downdog,178.69463703385452,179.25743201986788,61.93363774787281,58.90694837084103,0.6720213582780179,0.3891652016442876,122.35427231952025,1.3885579109191895,0.6114417910575867,0.26407530903816223,1.4025601148605347,11.129895210266113,10.256317138671875,10.47419261932373,9.343650817871094,13.519492149353027,12.483312606811523,13.141615867614746,11.504914283752441,20.60093116760254,0.9410862798219477,0.9110141369972202,5.163427352905273,4.495145320892334
downdog,176.05791686804312,175.64859309732404,55.84252821013581,54.18813044217355,1.947825753941894,2.108957422253096,41.77997130388534,0.6211223602294922,1.3788763284683228,0.8664970993995667,1.526334285736084,22.148666381835938,22.943389892578125,22.673030853271484,24.399368286132812,28.377458572387695,30.176820755004883,23.638385772705078,27.70473289489746,46.051605224609375,1.0236747187718198,1.0634595557549287,22.371191024780273,24.11395263671875
downdog,178.2452032074464,177.4837048668001,61.324591214145194,66.08882290280852,0.8406988458095362,1.2274854487086873,124.23790527425616,0.8490076065063477,1.150992751121521,0.8369744420051575,1.4355946779251099,10.411158561706543,9.67863941192627,11.320442199707031,10.160343170166016,12.615854263305664,10.989925384521484,13.224918365478516,10.88999080657959,20.780094146728516,1.087337306916795,1.04976967195167,11.179183959960938,9.978985786437988
downdog,157.73945939233667,173.719648091014,26.879233225713097,54.47596375618446,8.540424872953437,3.1259349385692863,130.2784698435815,0.8427715301513672,1.1572277545928955,20.702550888061523,35.62908172607422,9.855079650878906,19.69393539428711,15.739435195922852,19.874574661254883,20.600351333618164,20.8668270111084,21.664339065551758,24.994510650634766,28.166526794433594,1.597088421038864,1.009172278378038,9.625448226928711,19.83661651611328
downdog,173.28378827716932,172.7622063254016,101.43238961064638,98.21365359639564,3.4193057162114573,3.5859947134914116,107.19339850681652,1.0702266693115234,0.9297732710838318,1.1138135194778442,2.274522066116333,12.7777681350708,13.338826179504395,12.321172714233398,13.583052635192871,20.333242416381836,20.931276321411133,18.5216064453125,21.23097801208496,25.961790084838867,0.9642663428951621,1.01830936501402,12.321056365966797,13.582375526428223
downdog,174.44028377423393,175.29955354498077,64.09354573824817,63.25367045679123,2.826531718366908,2.415650533034529,158.38051424981697,1.1542930603027344,0.8457067608833313,1.0332332849502563,1.4543449878692627,19.72995948791504,19.47203254699707,19.078536987304688,18.41694450378418,24.764387130737305,23.32012939453125,24.45637321472168,21.20998191833496,38.30974578857422,0.966983030654858,0.9458151589218269,15.331016540527344,14.64145565032959
downdog,178.99789888874628,177.44036198045734,57.28127125354089,54.596230712525596,0.518887711314536,1.3077593327115173,39.44510880117898,1.0441408157348633,0.9558582901954651,0.9183841347694397,1.825748085975647,10.451883316040039,11.249996185302734,9.732667922973633,10.771903991699219,13.114768981933594,14.77446174621582,11.226309776306152,13.094646453857422,21.099361419677734,0.9311878727969983,0.957502816602647,9.238863945007324,10.235209465026855
downdog,177.42876478991303,177.72419321224353,63.89127387955712,65.9758690268892,1.2870960224807317,1.1828329592759934,147.16972482889872,1.6344947814941406,0.36550500988960266,0.2995501160621643,1.0514219999313354,10.562674522399902,10.594210624694824,10.541036605834961,9.790093421936035,14.059196472167969,12.968992233276367,12.129050254821777,11.980873107910156,20.73914337158203,0.9979513792202505,0.9240983443369764,9.144949913024902,8.527283668518066
downdog,177.80482803163324,178.66147818871175,65.47608768973201,67.58907149868163,1.1201246571254464,0.6872803402830446,26.65289503079246,0.17512130737304688,1.8248785734176636,1.0045727491378784,2.697474718093872,31.28391456604004,29.6186466217041,30.023487091064453,28.061893463134766,35.848201751708984,34.20188903808594,37.56282043457031,34.39341354370117,59.4836540222168,0.9597100154450029,0.9474400661889583,2.414527654647827,2.581306219100952
downdog,179.70260587188181,177.78945738600723,66.66139742646864,66.21243277369946,0.15949038294479406,1.183825165537192,167.29211998283574,1.2315692901611328,0.7684314250946045,1.5944035053253174,2.9265196323394775,23.476842880249023,22.006092071533203,20.72433853149414,19.080944061279297,31.185821533203125,29.216028213500977,26.027870178222656,21.842153549194336,42.640220642089844,0.8827565850505759,0.8670754958299326,12.036592483520508,10.819915771484375
downdog,163.6960860607888,176.28664162634226,49.008488609781,47.61119899537789,8.899140554981473,2.176278241743104,105.19579147558318,1.1670570373535156,0.8329429626464844,1.1082806587219238,0.5894695520401001,2.418978214263916,2.5735342502593994,2.0152745246887207,1.8182204961776733,3.3786473274230957,3.4985594749450684,3.976386308670044,3.7338593006134033,4.387629508972168,0.8331094838704346,0.7065069328249558,1.4650629758834839,0.965268611907959
downdog,178.57976239391468,174.85075162647635,44.480433260987326,39.96976561976213,0.7399281626091793,2.6699782423871987,61.77209153798922,0.9716691970825195,1.02833092212677,0.6894477009773254,1.1266343593597412,7.334950923919678,7.852254867553711,6.75099515914917,7.291755199432373,9.229870796203613,10.462363243103027,6.948925971984863,7.585663795471191,14.605250358581543,0.9203871039882084,0.928619153836112,6.475536823272705,7.003432273864746
downdog,178.5752226707357,178.74914288882113,50.09026380757926,49.98403179693878,0.69492498135556,0.6221254408910888,109.2313721386415,0.8402471542358398,1.1597529649734497,0.28013908863067627,1.4380543231964111,17.25460433959961,16.334365844726562,18.118459701538086,16.47374153137207,20.600605010986328,19.51118278503418,21.370346069335938,18.714313507080078,34.08811950683594,1.050065147532289,1.008532604169503,9.689857482910156,8.718381881713867
downdog,171.79591575730146,176.15951903066298,61.588603129798116,59.922260659352986,3.8896250362503304,1.9958636271267438,153.52358766479,1.5826168060302734,0.41738441586494446,1.172321081161499,3.5782907009124756,19.614456176757812,19.698001861572266,21.753582000732422,18.205251693725586,30.406496047973633,28.774263381958008,24.263729095458984,20.073768615722656,39.57215118408203,1.1090585788175351,0.9242181464620047,19.341703414916992,15.882667541503906
downdog,179.33060433492116,179.81977422260553,43.43044601118356,43.65794764298329,0.33861962506098686,0.09487278508118449,155.81195939712123,1.1377143859863281,0.862284243106842,1.003110647201538,2.534259557723999,28.896390914916992,28.271018981933594,28.15302848815918,26.529544830322266,39.602352142333984,38.178627014160156,33.07887649536133,29.84347152709961,55.924072265625,0.9742748704078148,0.9384006960935896,26.506717681884766,24.94859504699707
downdog,178.02582691506228,179.96043531735157,54.15974565043282,51.602237542736646,1.1136420937477696,0.03426402009603798,32.525655994399735,0.7357730865478516,1.2642258405685425,0.8229897618293762,4.160826206207275,18.944482803344727,20.591089248657227,14.6421480178833,18.07871437072754,25.129772186279297,26.98725700378418,19.606660842895508,23.161514282226562,36.12030792236328,0.7728977030927688,0.8779872339157212,13.491964340209961,17.017797470092773
downdog,178.88741269143458,179.3078965221701,61.748462010956516,63.782890344350655,0.5517840710276737,0.34548425510700487,124.48619369280415,0.7839622497558594,1.2160381078720093,1.1855580806732178,2.687844753265381,22.051130294799805,20.683040618896484,22.405004501342773,20.675580978393555,27.885883331298828,26.227428436279297,27.394821166992188,24.193750381469727,42.90541458129883,1.0160478481494697,0.9996392870719694,22.1895751953125,20.458065032958984
downdog,175.7133489251433,176.44493335801758,57.03145790628646,57.85920008678867,2.137074574287438,1.805043877782806,115.11881674740904,1.0415935516357422,0.958406388759613,0.8141993284225464,1.4213210344314575,18.566133499145508,18.53224754333496,18.6750545501709,17.967041015625,23.58116912841797,22.721616744995117,21.61317253112793,19.06169891357422,36.848358154296875,1.005866598188783,0.9695014058122355,18.640905380249023,17.93221092224121
downdog,178.21008992516727,175.04923615898912,72.5617145626317,71.89910919924466,0.8811559864158589,2.541141958718379,179.6384556563452,1.2105522155761719,0.7894481420516968,0.9975481629371643,2.8351657390594482,15.166589736938477,14.645892143249512,15.646367073059082,13.888540267944336,21.60922622680664,19.82819938659668,21.55832290649414,17.881685256958008,29.658002853393555,1.0316337629492502,0.9482890617938006,5.4289984703063965,5.345371246337891
downdog,178.68433387293607,179.32768753100117,50.55357505002427,50.087663667920225,0.6679324868169297,0.35054452113734796,157.57154971180412,1.3034648895263672,0.6965353488922119,0.56659334897995,1.1529968976974487,12.717669486999512,12.82132339477539,12.325738906860352,11.740285873413086,16.109619140625,15.478631973266602,13.419914245605469,12.26492691040039,24.801225662231445,0.9691821249386979,0.915684332750927,10.983109474182129,10.479455947875977
downdog,174.30859478824516,176.60857855804642,62.07850900846119,74.24478234308698,3.2038130803917273,1.9084433941642882,77.64363710145606,1.1899152994155884,0.8100846409797668,0.7450831532478333,0.8521084189414978,3.3240315914154053,3.0805537700653076,2.58148455619812,2.3936400413513184,4.632728576660156,4.238201141357422,5.64190149307251,4.191995620727539,5.683887481689453,0.7766122879977235,0.777015901360057,2.2269792556762695,2.0870718955993652
downdog,178.8022068610967,177.1365199381457,53.60085213791568,50.811083021545585,0.6382712646302825,1.4959328294299918,52.17123137196076,1.2395477294921875,0.760452151298523,0.5997682213783264,1.220203161239624,12.94948673248291,13.12698745727539,11.350317001342773,11.998930931091309,16.743953704833984,17.798980712890625,13.320939064025879,14.66754150390625,24.707231521606445,0.876507027600117,0.9140657790737314,11.342312812805176,11.991975784301758
downdog,179.91607062797502,179.2771949220258,53.678928363231776,53.74148638242924,0.044234660174789026,0.3825729767572444,173.08452837326118,1.6438980102539062,0.356101393699646,0.9053441882133484,2.1790289878845215,35.99549865722656,36.47921371459961,35.527915954589844,32.55262756347656,47.40161895751953,45.46895217895508,42.37751388549805,38.59376525878906,70.27690124511719,0.987009939934454,0.8923609737259076,24.19312286376953,22.074201583862305
downdog,178.29348783979964,179.81128840960142,78.07385059019202,78.31380168135446,0.8362647934094062,0.09691329395132914,61.88853219003989,0.7944011688232422,1.2055996656417847,1.4164742231369019,3.5769031047821045,23.583438873291016,23.17618179321289,24.518808364868164,21.641155242919922,30.368717193603516,29.633955001831055,30.80504608154297,26.528982162475586,46.45649719238281,1.039662089016814,0.9337670243633692,18.355255126953125,16.527502059936523
downdog,179.8991294445406,167.02580273511316,63.105657274263066,59.259896374645706,0.05233915627441309,8.1194576970212,131.55620396180365,1.2466866970062256,0.7533133029937744,0.935559093952179,1.1825435161590576,3.777087450027466,4.056012153625488,3.128983974456787,2.430363178253174,7.238488674163818,6.227603912353516,6.446676731109619,4.082583427429199,6.676615238189697,0.8284116233587365,0.5992000238166834,3.0142650604248047,2.2394890785217285
downdog,179.6215408457598,178.6408766808854,45.567525989926054,47.4911375504334,0.18871159039859822,0.7030433134620597,49.39835646607202,0.29361724853515625,1.706383466720581,0.8283886313438416,2.981051206588745,17.133249282836914,15.997097969055176,17.557294845581055,14.923601150512695,20.600845336914062,19.15033531188965,20.91593360900879,18.481868743896484,32.79863357543945,1.0247498026202841,0.9328942190944085,1.3010051250457764,1.5323786735534668
downdog,173.0621434257257,174.2347579584423,67.52822376591702,64.44195626590628,3.5131833610561634,2.736094068106203,99.62320202834732,1.0365924835205078,0.963407576084137,0.5824553370475769,1.0111123323440552,8.265393257141113,6.854064464569092,8.057713508605957,7.587839126586914,9.145849227905273,8.467226028442383,10.123088836669922,8.135945320129395,15.357337951660156,0.9748734613166548,1.1070567046391573,6.202749252319336,5.790113925933838
downdog,172.00463205563122,174.12790616823756,89.24130650876437,93.32543782725789,3.911163248485783,3.0291189558525566,71.69198111571237,0.82354736328125,1.1764527559280396,0.9385857582092285,1.4261891841888428,5.591854572296143,5.586719989776611,5.838897705078125,5.243465423583984,8.77409839630127,8.062723159790039,7.9748616218566895,7.171838760375977,11.107691764831543,1.044178918712763,0.9385586703147042,5.737534523010254,5.171195030212402
downdog,174.4458912835827,174.46327868465406,82.54629030574955,81.44434415656026,3.033058619449069,3.0365419292694047,91.86471766255062,0.6741247773170471,1.325875163078308,1.6629782915115356,2.1111412048339844,10.164708137512207,10.980547904968262,8.45067310333252,9.041716575622559,13.758846282958984,14.974312782287598,11.23218059539795,13.804512977600098,19.29633140563965,0.8313738237866397,0.8234302905869798,8.428239822387695,9.013773918151855
downdog,177.43295509671,179.10824835831255,58.627407680458205,56.913478679987556,1.284813435106703,0.46393828577858687,178.95501306338596,0.9466571807861328,1.0533415079116821,1.2522644996643066,2.16955828666687,20.240680694580078,19.943988800048828,20.207786560058594,18.428194046020508,26.63496971130371,24.77880859375,22.986574172973633,21.046958923339844,39.40447235107422,0.9983748010557226,0.9239973661626817,11.148771286010742,9.847003936767578
downdog,167.19561758790434,173.5250077261868,49.81578621964343,47.53514653345595,7.929840366575413,3.658001051694066,65.12831056916676,1.3512921333312988,0.6487078070640564,0.8981229662895203,1.5862957239151,5.688822269439697,5.8180365562438965,3.5039021968841553,4.481749534606934,7.688849925994873,8.490657806396484,5.309179306030273,6.422916412353516,9.711132049560547,0.6159274125647537,0.7703198013558947,3.4914989471435547,4.426296234130859
downdog,177.43295509671,179.10824835831255,58.627407680458205,56.913478679987556,1.284813435106703,0.46393828577858687,178.95501306338596,0.9466571807861328,1.0533415079116821,1.2522644996643066,2.16955828666687,20.240680694580078,19.943988800048828,20.207786560058594,18.428194046020508,26.63496971130371,24.77880859375,22.986574172973633,21.046958923339844,39.40447235107422,0.9983748010557226,0.9239973661626817,11.148771286010742,9.847003936767578
downdog,178.8767351889615,177.89252792674282,61.19724643238544,60.75076369322585,0.5517840710276737,1.0618313081746011,92.9889809998693,0.7792811989784241,1.2207188606262207,0.5265533328056335,2.083245277404785,18.328174591064453,17.195280075073242,19.007986068725586,16.937402725219727,24.808107376098633,23.9229679107666,21.85188102722168,19.052827835083008,35.7305793762207,1.0370910063734091,0.9850029581530165,16.369558334350586,14.630485534667969
downdog,170.74840175627637,169.29659527477756,62.74644114770603,62.034345978119745,4.8788138964057515,5.62280869645616,46.46467459073633,0.9208507537841797,1.0791490077972412,0.4721989035606384,2.052780866622925,21.01542091369629,22.554903030395508,18.840072631835938,20.3859806060791,25.515296936035156,26.77047348022461,21.8907413482666,25.38982391357422,41.23978042602539,0.8964879558072245,0.9038380557330895,8.909046173095703,10.017647743225098
downdog,174.11676760597712,176.48108102352037,67.77052189803123,66.90715080931038,3.209551918979761,2.029990289727524,145.8557264238049,1.3532438278198242,0.6467557549476624,1.0070297718048096,2.082247018814087,9.82899284362793,9.541955947875977,8.189152717590332,6.998655319213867,12.40934944152832,11.310931205749512,11.60994815826416,9.009452819824219,17.26376724243164,0.8331628697579565,0.7334612131918868,7.23030948638916,6.123680591583252
downdog,177.85880823524084,179.61640546093327,52.70347430833337,54.94254586082128,1.0451138938827917,0.19382665722055112,130.7644115913051,1.1273193359375,0.8726804256439209,0.40540575981140137,0.7842612862586975,9.732333183288574,10.011180877685547,10.207437515258789,9.727128982543945,12.814043045043945,11.84557056427002,11.90373420715332,10.662863731384277,19.836021423339844,1.0488169973433523,0.9716264374564265,10.15807056427002,9.672775268554688
downdog,178.0477583405228,179.80820299912,37.78404079762511,36.3887769096939,0.9693462661852842,0.09691329395132914,165.17023050958574,1.2775688171386719,0.7224318981170654,0.679908812046051,1.4548747539520264,12.756251335144043,12.804214477539062,12.930395126342773,12.130495071411133,17.41114616394043,16.833398818969727,13.196575164794922,11.306495666503906,25.30863380432129,1.0136515636899843,0.9473829218736785,12.067776679992676,11.270514488220215
downdog,179.37068204664033,178.67721377903948,62.61009575179464,62.097963776859785,0.29541367464010293,0.6769532161535372,135.86722130788337,1.1115293502807617,0.8884701728820801,1.2263875007629395,3.4851388931274414,13.676838874816895,13.316987991333008,15.388879776000977,12.693122863769531,18.883617401123047,17.52593994140625,17.569385528564453,14.610957145690918,27.536788940429688,1.1251780321224973,0.9531526137049823,14.63775634765625,11.990687370300293
downdog,179.28454161828347,178.97378032635285,58.0311635637718,56.91492566060363,0.36637470537647665,0.5553189462357404,177.27832950395805,0.8455276489257812,1.1544727087020874,1.1233261823654175,2.9191367626190186,16.843008041381836,16.37517547607422,16.0621337890625,13.89036750793457,22.910175323486328,21.200220108032227,20.38384246826172,17.27968406677246,31.58391761779785,0.9536380197623362,0.8482575762300818,9.51154613494873,8.136116981506348
downdog,174.93090036798648,176.34371222763644,51.767266187246115,51.68596747607737,2.7929517647007147,1.991937453228637,31.0997732168589,1.491562843322754,0.5084375143051147,1.3513526916503906,2.3036952018737793,11.662193298339844,12.616776466369629,9.50482177734375,10.543170928955078,13.030600547790527,14.595746040344238,11.67903995513916,14.528082847595215,22.146888732910156,0.8150114407454861,0.8356468961316147,8.616829872131348,9.56060791015625
downdog,179.91607062797502,179.2771949220258,53.678928363231776,53.74148638242924,0.044234660174789026,0.3825729767572444,173.08452837326118,1.6438980102539062,0.356101393699646,0.9053441882133484,2.1790289878845215,35.99549865722656,36.47921371459961,35.527915954589844,32.55262756347656,47.40161895751953,45.46895217895508,42.37751388549805,38.59376525878906,70.27690124511719,0.987009939934454,0.8923609737259076,24.19312286376953,22.074201583862305
downdog,174.97289429475526,173.04731620953987,61.07156807548027,62.792935319646396,2.4791504167058265,3.413460287518492,155.97876973243146,1.0339527130126953,0.9660472273826599,1.3919376134872437,2.371638059616089,20.30486488342285,19.15635108947754,20.868574142456055,19.861862182617188,26.93158721923828,25.269254684448242,24.210012435913086,21.319149017333984,40.03784942626953,1.0277622251863,1.0368290418679025,17.739234924316406,16.830093383789062
downdog,174.26612024003165,174.0577243072607,55.8753439835258,60.42078071520352,2.846200855759363,2.9437739065750477,103.74034902171093,1.2252976894378662,0.7747023105621338,0.2187899649143219,0.7227486371994019,6.723551273345947,7.432136058807373,6.821287631988525,7.570438385009766,8.927380561828613,9.146066665649414,6.8945112228393555,7.055522918701172,14.254961967468262,1.0145362681316583,1.0186085543240218,6.223291873931885,6.932888031005859
downdog,177.00768306061897,178.5187910662402,56.71063274037685,53.6548747636466,1.4967175228386542,0.7725309610419818,91.13580720932644,0.990139901638031,1.0098600387573242,0.8528924584388733,1.4826546907424927,14.901618003845215,14.257963180541992,14.888586044311523,13.08103084564209,19.34500503540039,18.53601837158203,16.334671020507812,14.656986236572266,28.558319091796875,0.9991253997615744,0.9174543209677805,11.740234375,10.657021522521973
downdog,179.88985657019026,179.1045257918883,71.31398628748833,70.73224934380335,0.059347025446578223,0.4788811631912685,62.2617374084209,1.151881217956543,0.8481189012527466,0.9209142923355103,2.0923798084259033,8.766403198242188,8.799365043640137,6.333084583282471,7.665567874908447,11.647072792053223,12.475491523742676,8.10833740234375,10.464550971984863,15.781957626342773,0.7224267145419055,0.8711500165911206,6.261652946472168,7.589325904846191
downdog,135.31104022625468,169.48320411187748,38.830910463017325,59.49387909834847,22.200350593407826,5.471744311894481,70.49749274581983,1.2492914199829102,0.7507084012031555,6.852068901062012,0.9774336218833923,22.305810928344727,21.821998596191406,22.580493927001953,20.125219345092773,31.853031158447266,31.859455108642578,28.559324264526367,25.273719787597656,41.63566207885742,1.0123143689877605,0.9222445109294762,20.382736206054688,15.420055389404297
downdog,178.4637943894995,179.8972079274581,57.747613455532445,57.52960959372725,0.819005443910213,0.05233915627441309,0.6346921666412257,1.206268310546875,0.7937304377555847,0.9139181971549988,2.2932240962982178,25.85936737060547,26.737693786621094,22.64443588256836,24.028545379638672,31.57750129699707,33.48219299316406,25.734542846679688,29.90272331237793,49.632774353027344,0.8756762948745668,0.898676777164125,12.69321346282959,13.269121170043945
downdog,176.63826580923134,174.44875011027187,48.590679816278836,48.076476408376806,1.7706728600342652,2.9042750138772204,174.84828251330848,1.5771198272705078,0.42288002371788025,0.94577956199646,1.489030361175537,17.176305770874023,16.17574119567871,15.434749603271484,14.744061470031738,20.151809692382812,18.159637451171875,19.362857818603516,18.079557418823242,31.740276336669922,0.8986070061023997,0.9114921152718766,10.535856246948242,9.80669116973877
downdog,168.16352227059267,167.36964416467015,50.3249568893462,52.73718796588048,6.284689782189091,6.835953345137424,143.50120204088256,0.34357643127441406,1.6564230918884277,0.1710202842950821,2.0681638717651367,18.535018920898438,16.90185546875,16.38055992126465,14.336193084716797,24.158824920654297,22.715679168701172,21.70036506652832,17.680274963378906,32.889888763427734,0.8837627362242749,0.8482022735918457,2.791393756866455,2.6474480628967285
downdog,178.99108757777415,179.45463643760883,59.6804104825016,60.15662129792496,0.5154826282316064,0.28803553499889245,138.57967412409886,1.0912933349609375,0.9087067246437073,1.002107858657837,2.504086494445801,18.016714096069336,17.67100715637207,17.27090072631836,15.660490989685059,23.173425674438477,21.947179794311523,21.74024200439453,17.198463439941406,34.30839920043945,0.9586043090666572,0.886225101086718,16.314414978027344,14.77137565612793
downdog,171.1162155659314,173.28046019703834,57.92056089623923,60.27836650555473,4.698153783152529,3.6967109756942556,131.29012985905035,1.1936216354370117,0.8063782453536987,0.49184396862983704,0.9391388297080994,8.814507484436035,9.056713104248047,7.854722023010254,7.407504081726074,11.11745548248291,10.414177894592285,9.785528182983398,7.4754638671875,16.527467727661133,0.8911128779193422,0.8179019450610227,7.455789566040039,7.043876647949219
downdog,13.793592794925985,24.153681005101983,9.137532018185246,52.394172983615356,8.516567776723083,11.465319762131557,105.80150925758568,1.2501239776611328,0.7498759031295776,2.2004377841949463,0.31513410806655884,1.4546526670455933,1.2172613143920898,3.728774070739746,3.5664737224578857,4.298305511474609,3.995464563369751,1.0310944318771362,2.2215499877929688,2.4148361682891846,2.563341471040938,2.929913856931495,0.9129457473754883,0.9648159742355347
downdog,179.1637352065906,178.0929928154046,49.813215821948766,48.85810932464813,0.40973895341170324,0.940452309201257,175.35946013175896,1.0983390808105469,0.9016600251197815,1.3629974126815796,2.5178446769714355,18.28976058959961,17.327774047851562,19.01679801940918,17.810649871826172,23.823776245117188,22.216205596923828,21.184799194335938,18.214599609375,36.219539642333984,1.0397510063894433,1.027867099073085,13.78246784210205,12.993551254272461
downdog,179.41549707698385,178.95826177780654,56.96024283151369,55.5698773761839,0.305827932186261,0.5630175583443771,149.53330467539618,1.0734057426452637,0.9265942573547363,0.9099995493888855,1.253604769706726,6.277560234069824,6.260941982269287,5.686395168304443,5.3309407234191895,8.136812210083008,7.942926406860352,8.057013511657715,4.063390731811523,11.776704788208008,0.9058287058106289,0.8514597143778784,5.118593215942383,4.864345550537109
downdog,177.85880823524084,179.61640546093327,52.70347430833337,54.94254586082128,1.0451138938827917,0.19382665722055112,130.7644115913051,1.1273193359375,0.8726804256439209,0.40540575981140137,0.7842612862586975,9.732333183288574,10.011180877685547,10.207437515258789,9.727128982543945,12.814043045043945,11.84557056427002,11.90373420715332,10.662863731384277,19.836021423339844,1.0488169973433523,0.9716264374564265,10.15807056427002,9.672775268554688
downdog,177.52385154030486,172.72325001094038,53.56427001412052,50.230636304862045,1.25569743627126,3.947047561378668,170.00991423603955,1.5830345153808594,0.4169660210609436,0.44753947854042053,2.1104254722595215,11.986544609069824,11.587841987609863,11.652573585510254,9.777666091918945,16.82290267944336,15.423492431640625,13.495780944824219,13.052628517150879,22.475942611694336,0.9721377589130547,0.8437865530602698,4.698822498321533,3.7745046615600586
downdog,179.68658838707333,178.34719943841782,55.268605305427506,54.54158506103482,0.1631294174610896,0.8577498730614788,178.81380341801102,1.0671920776367188,0.9328070282936096,1.2214009761810303,2.062652111053467,22.56667137145996,21.427244186401367,21.074016571044922,19.868663787841797,26.014286041259766,24.033527374267578,23.53434181213379,22.270700454711914,42.465816497802734,0.933855741961194,0.9272616995324853,11.61999225616455,10.637372016906738
downdog,178.6982398536013,175.92306554072644,60.65593495675687,72.54564676391297,0.6570037038164162,2.1633797266555423,70.57021652537728,1.161098599433899,0.8389014601707458,0.7041866183280945,0.7918872833251953,2.797940254211426,2.8254880905151367,2.740213394165039,2.4993207454681396,3.795118570327759,3.515798807144165,4.7222723960876465,4.4813408851623535,5.4292073249816895,0.9793677369174583,0.8845621644260071,1.9154605865478516,1.7444018125534058
downdog,179.78329518346837,176.27138107059122,58.11446456172189,59.07806178238025,0.10653118153060223,1.9326957325773073,41.57984417739629,0.30968761444091797,1.6903120279312134,1.3061984777450562,1.268555760383606,10.825738906860352,10.197678565979004,11.185978889465332,9.475422859191895,13.345916748046875,11.933836936950684,13.81014347076416,12.016545295715332,20.833986282348633,1.0332761534735095,0.9291744065780743,10.712912559509277,8.859354019165039
downdog,176.40876742652517,1.2398578485299618,77.48649523811554,42.70389710474762,1.9647327174397873,177.81653902699617,47.47181851314511,0.6475009918212891,1.352499008178711,10.163281440734863,20.359119415283203,11.456048011779785,2.4978721141815186,9.484891891479492,1.0798667669296265,13.897428512573242,13.178653717041016,13.586601257324219,11.861452102661133,11.044221878051758,0.8279374400132687,0.4323145002036934,5.850884437561035,0.03585076332092285
downdog,174.62188577481535,178.08510698799242,88.40175376270402,86.16142807061934,2.7771375817743005,0.9425307061990166,132.25019552798577,1.2449655532836914,0.755034327507019,1.0433268547058105,1.3284821510314941,11.547333717346191,10.018952369689941,10.814830780029297,10.333962440490723,14.0548677444458,12.809979438781738,14.12100601196289,12.036338806152344,21.343517303466797,0.9365651074254788,1.031441315193039,6.979096412658691,6.999655723571777
downdog,175.04923615898912,173.93763767341594,56.751645460073306,56.50225662093224,2.537210580180172,3.2654872031903373,142.18661458391304,0.9112358093261719,1.0887646675109863,0.5749144554138184,3.0946240425109863,23.776887893676758,22.829341888427734,22.619312286376953,19.55632209777832,29.76870346069336,28.11586570739746,28.36578369140625,23.985027313232422,44.33979415893555,0.9513150516673503,0.8566309680201738,3.7403628826141357,3.522003173828125
downdog,179.058715781346,175.5698163435683,52.60558686027177,44.51072233939971,0.49574558920739903,2.2438480904114386,66.06257661513817,1.4354538917541504,0.5645459294319153,0.5818271040916443,1.5109881162643433,7.024625301361084,7.432626724243164,6.310157775878906,7.242717742919922,9.619362831115723,10.498617172241211,6.811715126037598,8.709577560424805,13.997989654541016,0.8982908848341522,0.9744491466047992,6.095295429229736,7.000807762145996
downdog,175.49180511017795,175.27125798029002,54.19617776258628,53.79302889956564,2.2759787835311887,2.4176753141311242,147.27298149499808,1.3510494232177734,0.6489508152008057,0.7962360382080078,2.752413034439087,23.234943389892578,21.798246383666992,22.78997230529785,20.837583541870117,29.91097068786621,28.319747924804688,28.155447006225586,25.209745407104492,44.29435729980469,0.9808490144358472,0.9559293082196745,0.467421293258667,0.5524758100509644
downdog,178.4637943894995,179.8972079274581,57.747613455532445,57.52960959372725,0.819005443910213,0.05233915627441309,0.6346921666412257,1.206268310546875,0.7937304377555847,0.9139181971549988,2.2932240962982178,25.85936737060547,26.737693786621094,22.64443588256836,24.028545379638672,31.57750129699707,33.48219299316406,25.734542846679688,29.90272331237793,49.632774353027344,0.8756762948745668,0.898676777164125,12.69321346282959,13.269121170043945
downdog,179.79632822721476,179.08421528481,64.40871864488126,63.6556310665742,0.10087055545943382,0.4756010977233198,144.63210427046417,1.118753433227539,0.8812465667724609,0.4964722990989685,1.4664911031723022,13.303362846374512,13.699654579162598,13.656411170959473,12.707338333129883,17.697181701660156,17.093746185302734,18.05510902404785,15.543525695800781,26.682682037353516,1.0265381995607956,0.9275662632320447,11.995731353759766,11.2540922164917
downdog,174.46972441754517,173.68279314175473,47.32654344833992,44.34432089156017,2.88757873618792,3.2697411141695905,59.02912165385085,1.2927889823913574,0.7072113156318665,0.791228711605072,1.0821709632873535,9.397282600402832,9.789745330810547,8.599971771240234,9.124664306640625,12.463384628295898,13.518486976623535,9.982438087463379,10.869071006774902,18.43018341064453,0.9151550742675875,0.9320634057619289,8.15912914276123,8.579647064208984
downdog,175.78936296005645,175.3778018847367,66.60744186915812,65.31334249240037,2.1053350489659053,2.39914607561169,158.59890444250976,0.8910179138183594,1.1089842319488525,1.5909018516540527,5.0693583488464355,32.492305755615234,30.88873291015625,32.49098205566406,28.62263298034668,44.11650848388672,42.45510482788086,40.444705963134766,32.74156188964844,62.19425964355469,0.9999592303507063,0.9266366521722512,1.4083161354064941,0.5300241708755493
downdog,174.62188577481535,178.08510698799242,88.40175376270402,86.16142807061934,2.7771375817743005,0.9425307061990166,132.25019552798577,1.2449655532836914,0.755034327507019,1.0433268547058105,1.3284821510314941,11.547333717346191,10.018952369689941,10.814830780029297,10.333962440490723,14.0548677444458,12.809979438781738,14.12100601196289,12.036338806152344,21.343517303466797,0.9365651074254788,1.031441315193039,6.979096412658691,6.999655723571777
downdog,178.8767351889615,177.89252792674282,61.19724643238544,60.75076369322585,0.5517840710276737,1.0618313081746011,92.9889809998693,0.7792811989784241,1.2207188606262207,0.5265533328056335,2.083245277404785,18.328174591064453,17.195280075073242,19.007986068725586,16.937402725219727,24.808107376098633,23.9229679107666,21.85188102722168,19.052827835083008,35.7305793762207,1.0370910063734091,0.9850029581530165,16.369558334350586,14.630485534667969
downdog,175.70996926259718,175.4729012855676,58.45160034742375,57.3685893909477,2.2448945512369747,2.3966973596505583,64.45953359077855,0.6333327293395996,1.3666670322418213,0.4854629337787628,1.1355260610580444,13.33958911895752,14.690072059631348,12.151886940002441,13.059046745300293,14.389639854431152,15.812311172485352,14.503965377807617,17.854829788208008,26.6004638671875,0.9109640424957903,0.8889708507432035,7.290725231170654,7.796883583068848
downdog,177.73868753510152,175.54930532458238,61.37326537277536,58.79656246204661,1.2025215685935138,2.5136490067737083,140.0423024156476,1.2260475158691406,0.7739526629447937,0.6424592733383179,0.8475612998008728,9.019769668579102,9.537359237670898,7.939759731292725,7.3516669273376465,12.886308670043945,12.212784767150879,9.887170791625977,8.613906860351562,16.916358947753906,0.8802618185128966,0.7708282736663185,7.494043350219727,6.759839057922363
downdog,178.15984416466694,173.3388227978491,58.250809879250305,55.97765423858852,0.9624582895215131,3.5905237266504284,67.80195588280053,0.8735218048095703,1.1264783143997192,0.6401774287223816,0.9567469954490662,8.057487487792969,7.258890628814697,7.344907283782959,6.2087016105651855,9.3626708984375,8.763325691223145,9.419267654418945,7.418479919433594,14.422140121459961,0.9115628641493483,0.8553236400333205,7.269120693206787,6.188702583312988
downdog,174.4909206156346,175.9648779405114,56.62890925746355,55.63448039910762,2.814386116146842,2.045070675400344,59.72591667176435,1.123234748840332,0.8767654299736023,1.0248357057571411,1.5609533786773682,14.751543998718262,15.02756118774414,14.123562812805176,14.623604774475098,17.95441246032715,18.60752296447754,13.51796817779541,16.196014404296875,29.237272262573242,0.9574293956349894,0.9731188992451155,13.958742141723633,14.482128143310547
downdog,179.058715781346,175.5698163435683,52.60558686027177,44.51072233939971,0.49574558920739903,2.2438480904114386,66.06257661513817,1.4354538917541504,0.5645459294319153,0.5818271040916443,1.5109881162643433,7.024625301361084,7.432626724243164,6.310157775878906,7.242717742919922,9.619362831115723,10.498617172241211,6.811715126037598,8.709577560424805,13.997989654541016,0.8982908848341522,0.9744491466047992,6.095295429229736,7.000807762145996
downdog,164.9057840893742,166.58946722921334,48.02888381281166,47.98647740148018,8.97629636065634,7.812057224239061,58.09022041245707,0.8482809066772461,1.1517187356948853,1.7465064525604248,3.3205623626708984,20.49470329284668,21.975433349609375,13.998946189880371,15.772347450256348,25.564525604248047,27.00920295715332,21.04945182800293,24.885513305664062,35.85094451904297,0.6830518747599817,0.7177263119960452,13.94833755493164,15.743635177612305
downdog,174.3646225264471,175.10274970480063,47.75429588195666,47.83895808707641,2.895296664408093,2.589516475971533,114.7656422361354,0.8686866760253906,1.1313140392303467,0.1677040010690689,2.0175671577453613,18.189985275268555,17.1113224029541,17.215049743652344,15.25070571899414,22.833988189697266,21.445880889892578,21.11870765686035,17.502296447753906,33.8471565246582,0.9464025691464235,0.8912639519373035,8.144810676574707,7.2494988441467285
downdog,174.97289429475526,173.04731620953987,61.07156807548027,62.792935319646396,2.4791504167058265,3.413460287518492,155.97876973243146,1.0339527130126953,0.9660472273826599,1.3919376134872437,2.371638059616089,20.30486488342285,19.15635108947754,20.868574142456055,19.861862182617188,26.93158721923828,25.269254684448242,24.210012435913086,21.319149017333984,40.03784942626953,1.0277622251863,1.0368290418679025,17.739234924316406,16.830093383789062
downdog,177.00768306061897,178.5187910662402,56.71063274037685,53.6548747636466,1.4967175228386542,0.7725309610419818,91.13580720932644,0.990139901638031,1.0098600387573242,0.8528924584388733,1.4826546907424927,14.901618003845215,14.257963180541992,14.888586044311523,13.08103084564209,19.34500503540039,18.53601837158203,16.334671020507812,14.656986236572266,28.558319091796875,0.9991253997615744,0.9174543209677805,11.740234375,10.657021522521973
downdog,176.04502229262158,175.97090038938504,60.18674430631128,58.2369895886575,1.8691739015925877,1.9988031985765617,146.76704917166296,0.8093252182006836,1.1906746625900269,0.8046734929084778,1.4936773777008057,13.652894020080566,14.11896800994873,15.234006881713867,14.342475891113281,19.94384765625,19.18993377685547,18.026992797851562,15.756412506103516,28.65671157836914,1.1158078092088026,1.015830255099155,14.131769180297852,13.289971351623535
downdog,177.09532060146776,179.83807450693718,39.924406890524736,39.08218780435096,1.489771768193791,0.07912937001338383,26.761046359940693,1.2428722381591797,0.7571272253990173,1.691670298576355,3.6374435424804688,15.896333694458008,17.729148864746094,15.100191116333008,16.8962459564209,20.15265464782715,21.910877227783203,16.074037551879883,18.329635620117188,32.80442428588867,0.9499165314880693,0.953020651600368,14.869932174682617,16.482616424560547
downdog,177.14144620498905,175.67590999258323,59.97000976561269,57.83198394838957,1.446315590744544,2.2881574557946975,115.02386884213806,0.8652181625366211,1.134781837463379,0.9000769853591919,1.8247418403625488,14.702017784118652,14.064118385314941,14.357884407043457,12.513182640075684,16.496437072753906,15.039946556091309,19.187332153320312,16.087894439697266,27.804611206054688,0.9765927127336462,0.8897238637736061,8.638232231140137,7.708847522735596
downdog,177.80482803163324,178.66147818871175,65.47608768973201,67.58907149868163,1.1201246571254464,0.6872803402830446,26.65289503079246,0.17512130737304688,1.8248785734176636,1.0045727491378784,2.697474718093872,31.28391456604004,29.6186466217041,30.023487091064453,28.061893463134766,35.848201751708984,34.20188903808594,37.56282043457031,34.39341354370117,59.4836540222168,0.9597100154450029,0.9474400661889583,2.414527654647827,2.581306219100952
downdog,178.99789888874628,177.44036198045734,57.28127125354089,54.596230712525596,0.518887711314536,1.3077593327115173,39.44510880117898,1.0441408157348633,0.9558582901954651,0.9183841347694397,1.825748085975647,10.451883316040039,11.249996185302734,9.732667922973633,10.771903991699219,13.114768981933594,14.77446174621582,11.226309776306152,13.094646453857422,21.099361419677734,0.9311878727969983,0.957502816602647,9.238863945007324,10.235209465026855
downdog,177.73868753510152,175.54930532458238,61.37326537277536,58.79656246204661,1.2025215685935138,2.5136490067737083,140.0423024156476,1.2260475158691406,0.7739526629447937,0.6424592733383179,0.8475612998008728,9.019769668579102,9.537359237670898,7.939759731292725,7.3516669273376465,12.886308670043945,12.212784767150879,9.887170791625977,8.613906860351562,16.916358947753906,0.8802618185128966,0.7708282736663185,7.494043350219727,6.759839057922363
downdog,167.38275458556225,159.7162556496122,62.34757877189185,57.11238475183011,6.995407729986292,11.767417549487584,162.3779824526908,1.2639970779418945,0.7360034584999084,2.0939555168151855,3.509474039077759,13.955222129821777,13.049673080444336,11.22498607635498,9.47600269317627,17.91035270690918,16.36290168762207,15.603670120239258,12.173090934753418,23.60422134399414,0.8043573343064373,0.7261486099010387,6.127829551696777,4.702947616577148
downdog,138.9562534785376,141.2255608771605,47.876946384273715,48.73527741281476,23.39931714088678,22.23923723743681,148.24260741356937,0.6023826599121094,1.3976175785064697,0.670613706111908,2.124692678451538,28.607261657714844,27.11247444152832,21.834064483642578,20.387971878051758,34.4455451965332,32.53575134277344,30.97732162475586,26.50440788269043,46.081085205078125,0.7632350129016744,0.7519775138947067,11.053914070129395,10.05344009399414
downdog,169.70160832009384,168.83009644878354,108.00726671491395,107.28627413180617,5.586476989352961,5.847105610831772,53.6754674922895,1.195094108581543,0.8049054145812988,1.4407001733779907,2.904705286026001,12.698392868041992,13.352142333984375,10.715307235717773,12.158337593078613,20.328214645385742,21.613012313842773,16.039844512939453,20.857519149780273,24.353864669799805,0.8438316961237873,0.910590703601328,4.686481475830078,5.078058242797852
downdog,179.047145302251,174.55090141063883,74.14016783591204,72.46452003886888,0.4622481497169438,2.7928115883248963,88.98963547651,0.5208837985992432,1.4791163206100464,1.4957834482192993,2.1444146633148193,9.459356307983398,8.494132995605469,10.067113876342773,8.07866096496582,10.091551780700684,8.84838581085205,10.355795860290527,8.847821235656738,18.039918899536133,1.0642492453315457,0.9510870642193074,9.721948623657227,7.903957366943359
downdog,178.24799351297116,178.51351579358038,82.07288491961403,82.80142071764102,0.9202609181556385,0.8182883685898558,130.07841895098855,0.7187976837158203,1.281202793121338,1.0825985670089722,2.0219905376434326,10.284504890441895,10.185240745544434,9.290952682495117,8.316112518310547,15.010810852050781,13.660062789916992,12.7731351852417,11.054617881774902,19.036113739013672,0.9033931995828642,0.8164865131402951,7.775165557861328,7.038861274719238
downdog,172.40609064898527,170.81318133222922,73.13762669362882,65.4905499603178,3.8465437215515634,5.36677063373438,123.23759980749318,0.898953914642334,1.1010459661483765,1.9154912233352661,3.01794171333313,9.08682632446289,9.189133644104004,8.853022575378418,6.545657157897949,11.342294692993164,10.388670921325684,11.972099304199219,10.686698913574219,16.792112350463867,0.9742699249434355,0.7123257424569156,8.763504028320312,6.203805923461914
downdog,163.08419270067915,160.85805715975238,61.97825019203532,58.91691002334945,10.412554507456674,11.981911357228963,34.88132818099376,1.0483684539794922,0.9516323208808899,1.1119078397750854,1.4177535772323608,19.75046730041504,21.136157989501953,12.376864433288574,12.689690589904785,23.015432357788086,24.8056697845459,17.954179763793945,28.04088592529297,32.587894439697266,0.6266618211289949,0.6003782710097697,8.975486755371094,9.18364143371582
downdog,179.5424319126638,177.59149022960915,49.402822842459855,48.46593234576588,0.23984831222536715,1.2916490980313273,164.40952002553456,1.5311470031738281,0.46885472536087036,1.3850260972976685,3.1245357990264893,34.09653854370117,33.25238037109375,30.982385635375977,28.75928497314453,41.89728546142578,40.03990173339844,40.45359802246094,35.98115921020508,63.53809356689453,0.9086665699803989,0.8648789586584298,25.574392318725586,23.505327224731445
downdog,176.04502229262158,175.97090038938504,60.18674430631128,58.2369895886575,1.8691739015925877,1.9988031985765617,146.76704917166296,0.8093252182006836,1.1906746625900269,0.8046734929084778,1.4936773777008057,13.652894020080566,14.11896800994873,15.234006881713867,14.342475891113281,19.94384765625,19.18993377685547,18.026992797851562,15.756412506103516,28.65671157836914,1.1158078092088026,1.015830255099155,14.131769180297852,13.289971351623535
downdog,175.66536925739948,176.21845339016613,57.01576848718758,57.03394092681064,2.140917531610038,1.9113125768866075,42.31175045238156,1.126504898071289,0.8734952211380005,1.7274057865142822,1.8472121953964233,16.16401481628418,17.025970458984375,16.56020164489746,16.65839195251465,22.752811431884766,23.23896026611328,16.901639938354492,19.839488983154297,33.183345794677734,1.024510358880876,0.9784106588364001,16.286888122558594,16.35856056213379
downdog,157.12719986045033,159.71157686901097,42.48331152549231,44.82552876222135,12.600333657788001,11.389822925418025,138.6287130873041,1.108835220336914,0.8911635279655457,0.4606267511844635,2.0426857471466064,28.1231632232666,27.309133529663086,22.989837646484375,21.390901565551758,33.162635803222656,31.510099411010742,29.404705047607422,27.070140838623047,49.02913284301758,0.8174698075924411,0.7832874213687379,20.95014190673828,19.6326847076416
downdog,178.80335100503135,177.5269362828818,58.75612766043691,58.49289141236761,0.6167553302428692,1.237330004747629,3.4165901599584156,0.5251960754394531,1.474804401397705,1.1804903745651245,2.276134490966797,29.335025787353516,30.00320816040039,27.549789428710938,29.972379684448242,34.4698600769043,36.46725845336914,29.487462997436523,36.25709533691406,58.4203987121582,0.9391431488512496,0.9989724607195406,16.170551300048828,18.17005157470703
downdog,179.66662159462044,178.36230571934735,54.030223448897004,53.992874730293806,0.1631294174610896,0.7957386105639819,120.75423129421236,1.4090309143066406,0.5909703373908997,1.3148488998413086,2.3716330528259277,31.6760311126709,29.878753662109375,32.76927947998047,31.61016273498535,41.77602767944336,40.70309066772461,35.95755386352539,31.511703491210938,62.96384048461914,1.0345133937047706,1.0579477991119774,12.858695030212402,11.902469635009766
downdog,175.84149996130404,178.12789675239756,53.39866644549044,53.541781701737165,2.110812639322548,0.9585875711351034,110.63055815703082,0.7018857002258301,1.29811429977417,1.3281049728393555,2.087141513824463,12.189558982849121,11.556449890136719,11.824141502380371,11.014653205871582,15.295851707458496,14.082847595214844,14.530465126037598,11.291555404663086,23.282970428466797,0.970022012198726,0.9531172944517461,11.55681324005127,10.709091186523438
downdog,174.44031902397026,179.96043531735157,44.32388919540606,44.26598410649574,3.1923044853801095,0.027976455118293345,37.40201858780884,0.7892160415649414,1.2107837200164795,1.2320607900619507,2.651852607727051,11.952068328857422,12.500638008117676,8.865772247314453,11.687294006347656,14.767518997192383,16.6032772064209,11.281744956970215,13.703540802001953,22.490222930908203,0.7417771771042757,0.9349357259863397,8.682191848754883,11.58443832397461
downdog,178.9344893257832,176.01734176184542,58.60465362522963,63.56404026417083,0.5267473134942637,2.0746198073305635,79.98289562938525,1.1608777046203613,0.8391221761703491,0.7671629786491394,0.8025100827217102,6.041471004486084,6.068469524383545,6.186620235443115,5.581504821777344,7.929067611694336,7.508109092712402,9.125232696533203,8.577914237976074,11.930927276611328,1.0240253088732765,0.9197547881876432,4.712934494018555,4.58942174911499
downdog,179.40422361851884,179.44609229690167,54.569402897816204,54.56512353383551,0.30454562610362684,0.29275223011984547,166.23186993142025,1.6199607849121094,0.38003861904144287,0.49955734610557556,1.589102029800415,21.414798736572266,21.29815101623535,20.27690315246582,19.187488555908203,27.24161148071289,25.89931297302246,23.129541397094727,19.232622146606445,41.08811569213867,0.9468640100255926,0.9008992208000857,15.465997695922852,14.666152000427246
downdog,178.21008992516727,175.04923615898912,72.5617145626317,71.89910919924466,0.8811559864158589,2.541141958718379,179.6384556563452,1.2105522155761719,0.7894481420516968,0.9975481629371643,2.8351657390594482,15.166589736938477,14.645892143249512,15.646367073059082,13.888540267944336,21.60922622680664,19.82819938659668,21.55832290649414,17.881685256958008,29.658002853393555,1.0316337629492502,0.9482890617938006,5.4289984703063965,5.345371246337891
downdog,174.72801189953876,178.15729348519537,70.10168063219758,68.93250811251836,2.743024844175225,0.9839722868476692,83.93175571736877,0.7167549133300781,1.2832450866699219,1.2024617195129395,1.2816781997680664,10.016157150268555,10.029592514038086,9.235237121582031,8.743180274963379,13.692480087280273,13.130870819091797,12.67719841003418,11.463894844055176,18.997156143188477,0.9220338759661473,0.871738247689285,7.8252973556518555,7.712342262268066
downdog,175.3678535646758,176.43822050950033,75.39691583602296,75.66482935022532,2.3353997719154886,1.8577264015339972,175.96347202214812,0.5630588531494141,1.436940312385559,1.1074903011322021,2.264681577682495,16.64138412475586,16.2996826171875,16.36730194091797,14.949187278747559,24.60733413696289,22.795291900634766,22.395309448242188,19.840402603149414,32.10572052001953,0.9835300257891296,0.9171458557014023,4.176926612854004,3.6090149879455566
downdog,163.6960860607888,176.28664162634226,49.008488609781,47.61119899537789,8.899140554981473,2.176278241743104,105.19579147558318,1.1670570373535156,0.8329429626464844,1.1082806587219238,0.5894695520401001,2.418978214263916,2.5735342502593994,2.0152745246887207,1.8182204961776733,3.3786473274230957,3.4985594749450684,3.976386308670044,3.7338593006134033,4.387629508972168,0.8331094838704346,0.7065069328249558,1.4650629758834839,0.965268611907959
downdog,177.82381169234824,178.8708276097063,53.64965948570398,52.71116690159879,1.0839007136866576,0.5770909956686144,171.17268166463978,0.9144229888916016,1.0855772495269775,1.2460027933120728,1.5269815921783447,19.01311492919922,18.476560592651367,19.161836624145508,17.72339630126953,26.10736846923828,24.131229400634766,20.604496002197266,18.631752014160156,37.18229675292969,1.0078220053725067,0.9592367179572312,14.10129451751709,12.522382736206055
downdog,179.1637352065906,178.0929928154046,49.813215821948766,48.85810932464813,0.40973895341170324,0.940452309201257,175.35946013175896,1.0983390808105469,0.9016600251197815,1.3629974126815796,2.5178446769714355,18.28976058959961,17.327774047851562,19.01679801940918,17.810649871826172,23.823776245117188,22.216205596923828,21.184799194335938,18.214599609375,36.219539642333984,1.0397510063894433,1.027867099073085,13.78246784210205,12.993551254272461
downdog,166.39840758181407,168.67188815528036,81.56576295568482,78.26657674998827,7.515671462634205,5.834386736041131,47.28238050380493,1.4290447235107422,0.5709552764892578,0.9082393646240234,2.293067216873169,7.983288288116455,8.385538101196289,6.470935821533203,7.897564888000488,9.100339889526367,10.415617942810059,7.051399230957031,12.072092056274414,15.278575897216797,0.810560107243706,0.9418076515645625,4.494431972503662,5.6856184005737305
downdog,178.51417417863203,179.661380374939,53.379329772437,59.23579484141739,0.7981938816269021,0.19382665722055112,99.37858690785917,1.2365180253982544,0.7634819746017456,0.6218775510787964,0.8219153881072998,3.913120746612549,4.035703182220459,3.370755434036255,3.0610082149505615,5.6035590171813965,5.349511623382568,5.93712043762207,4.434587001800537,7.188994884490967,0.8613980479790077,0.7584818105439987,3.019646644592285,2.8071043491363525
downdog,179.1302433075321,177.95943215199156,66.53549296934347,66.27657637232564,0.4374547803357945,1.0360876651283024,29.729614315298356,1.2861862182617188,0.7138134241104126,1.0378730297088623,2.1859002113342285,26.782106399536133,28.48472785949707,26.479398727416992,27.60259246826172,33.64129638671875,35.261837005615234,29.050867080688477,35.94477844238281,54.66918182373047,0.9886973542595686,0.9690312519530534,3.3403780460357666,3.8126726150512695
downdog,177.09532060146776,179.83807450693718,39.924406890524736,39.08218780435096,1.489771768193791,0.07912937001338383,26.761046359940693,1.2428722381591797,0.7571272253990173,1.691670298576355,3.6374435424804688,15.896333694458008,17.729148864746094,15.100191116333008,16.8962459564209,20.15265464782715,21.910877227783203,16.074037551879883,18.329635620117188,32.80442428588867,0.9499165314880693,0.953020651600368,14.869932174682617,16.482616424560547
downdog,174.72801189953876,178.15729348519537,70.10168063219758,68.93250811251836,2.743024844175225,0.9839722868476692,83.93175571736877,0.7167549133300781,1.2832450866699219,1.2024617195129395,1.2816781997680664,10.016157150268555,10.029592514038086,9.235237121582031,8.743180274963379,13.692480087280273,13.130870819091797,12.67719841003418,11.463894844055176,18.997156143188477,0.9220338759661473,0.871738247689285,7.8252973556518555,7.712342262268066
downdog,176.7888015852585,179.9010882830616,44.704827309590456,46.200026170340756,1.6716378324264145,0.05233915627441309,63.605938332429446,0.3435516357421875,1.6564487218856812,0.7541642189025879,1.7287293672561646,17.893444061279297,17.2124080657959,16.481895446777344,15.284178733825684,21.596038818359375,20.371999740600586,18.907127380371094,15.792498588562012,33.42603302001953,0.9211135916159325,0.8879744070339375,5.828283309936523,5.369462490081787
downdog,173.77817333789042,175.23728614018694,49.11421297155485,48.43814252126111,3.137873899558012,2.4313991354418247,177.20537524443458,1.9072647094726562,0.09273694455623627,1.1781352758407593,2.7932093143463135,22.87261199951172,21.669782638549805,22.480695724487305,20.779151916503906,27.71368408203125,25.767797470092773,26.373859405517578,23.350643157958984,43.8492317199707,0.9828652163601604,0.9588998332008495,17.150405883789062,15.756963729858398
downdog,174.57938638839335,175.1646661215711,58.19814436036938,56.653821911392534,2.8886631971007097,2.4629917716705583,55.262472127292355,1.0973353385925293,0.9026641845703125,1.0084059238433838,1.7406857013702393,7.746999263763428,8.076037406921387,6.790544509887695,7.778708457946777,10.168320655822754,11.433359146118164,8.035405158996582,8.901867866516113,15.180944442749023,0.8765385670180558,0.9631836880914547,6.7307448387146,7.722519874572754
downdog,161.97916191997385,162.04460635050125,39.898107056645465,40.92753735230834,10.048331278584167,9.945363384499045,162.5845308177169,1.1701107025146484,0.8298885822296143,1.135335922241211,2.2514097690582275,22.95587921142578,21.230989456176758,18.24826431274414,17.129812240600586,27.563474655151367,25.620304107666016,22.792661666870117,19.228559494018555,39.29926681518555,0.7949276675377261,0.8068305751424323,13.784187316894531,12.928939819335938
downdog,173.79549686553628,177.32255437232527,56.2134076636684,53.7520398268096,3.246969161088424,1.3738734084928728,68.3289621757013,1.1620464324951172,0.8379530906677246,0.8529069423675537,1.009289264678955,11.025971412658691,11.29300594329834,10.043904304504395,10.716243743896484,14.249918937683105,15.364102363586426,11.708707809448242,13.325411796569824,21.51850700378418,0.910931383518899,0.948927402391785,9.966611862182617,10.526955604553223
downdog,177.98948147711573,178.47735736182722,51.295921961761756,58.617423457295644,1.0501570584074513,0.8339216126280126,88.39374746288787,1.155245304107666,0.8447546362876892,0.7454681992530823,1.0296815633773804,4.933038711547852,4.719842433929443,4.511355876922607,3.902505397796631,6.6122660636901855,6.0110979080200195,6.065154552459717,5.523662567138672,9.03066635131836,0.9145184593511144,0.8268294176333836,3.469303607940674,3.1019952297210693
downdog,177.33258890951942,176.75502117589596,64.73024456771368,66.4950368335914,1.572589936010127,1.7378751795382545,49.08890915208629,1.0909919738769531,0.9090083837509155,1.9745657444000244,4.44793176651001,17.33927345275879,17.81612777709961,12.074447631835938,15.456610679626465,20.446544647216797,22.049510955810547,17.268814086914062,19.716907501220703,31.321590423583984,0.6963640644095587,0.8675628063204163,11.806779861450195,14.931055068969727
downdog,179.41549707698385,178.95826177780654,56.96024283151369,55.5698773761839,0.305827932186261,0.5630175583443771,149.53330467539618,1.0734057426452637,0.9265942573547363,0.9099995493888855,1.253604769706726,6.277560234069824,6.260941982269287,5.686395168304443,5.3309407234191895,8.136812210083008,7.942926406860352,8.057013511657715,4.063390731811523,11.776704788208008,0.9058287058106289,0.8514597143778784,5.118593215942383,4.864345550537109
downdog,169.36445702979583,171.38556978040145,58.313290736991256,59.165303442357626,5.4649353171415145,4.501890514736967,25.19548084481447,1.4567737579345703,0.5432256460189819,1.0621857643127441,1.2264820337295532,8.485526084899902,8.971866607666016,8.029806137084961,8.197266578674316,10.537522315979004,11.586843490600586,7.354604721069336,8.706663131713867,16.78232192993164,0.9462943264153971,0.9136633460429309,5.839001655578613,5.999931335449219
downdog,138.9562534785376,141.2255608771605,47.876946384273715,48.73527741281476,23.39931714088678,22.23923723743681,148.24260741356937,0.6023826599121094,1.3976175785064697,0.670613706111908,2.124692678451538,28.607261657714844,27.11247444152832,21.834064483642578,20.387971878051758,34.4455451965332,32.53575134277344,30.97732162475586,26.50440788269043,46.081085205078125,0.7632350129016744,0.7519775138947067,11.053914070129395,10.05344009399414
downdog,174.03362603346315,174.6380146971485,58.78037863681394,57.357826306134925,3.2128440676019765,2.7650583607956003,54.20982038700585,1.1372108459472656,0.8627891540527344,0.9575954079627991,1.567115068435669,7.587833881378174,7.811738014221191,6.503889083862305,7.336928367614746,9.85762882232666,11.07676887512207,7.640846252441406,8.478500366210938,14.602409362792969,0.8571468917732968,0.939218316722812,6.4094109535217285,7.242844581604004
downdog,173.0481344155848,171.01716148985744,68.753102675127,68.52798574529109,3.759944058371993,4.452806572906541,42.224499366047816,1.2095708847045898,0.7904292345046997,0.8465927839279175,2.4814889430999756,13.615856170654297,13.55669116973877,11.561333656311035,13.791011810302734,18.77277183532715,20.17477798461914,13.496821403503418,16.778589248657227,26.196544647216797,0.8491080298072389,1.0172844258488818,10.91409683227539,13.144515037536621
downdog,157.73945939233667,173.719648091014,26.879233225713097,54.47596375618446,8.540424872953437,3.1259349385692863,130.2784698435815,0.8427715301513672,1.1572277545928955,20.702550888061523,35.62908172607422,9.855079650878906,19.69393539428711,15.739435195922852,19.874574661254883,20.600351333618164,20.8668270111084,21.664339065551758,24.994510650634766,28.166526794433594,1.597088421038864,1.009172278378038,9.625448226928711,19.83661651611328
downdog,179.73533008134626,179.85734747400252,51.119655839704436,51.791070026893586,0.12972151222939818,0.07661668268387072,34.47257901469756,0.8225183486938477,1.1774814128875732,0.4353601336479187,1.6613709926605225,11.612530708312988,10.566289901733398,11.700727462768555,10.087723731994629,15.093978881835938,14.673102378845215,13.250886917114258,11.207876205444336,21.982919692993164,1.0075948773851295,0.9547081209300929,11.230358123779297,9.633394241333008
downdog,174.03362603346315,174.6380146971485,58.78037863681394,57.357826306134925,3.2128440676019765,2.7650583607956003,54.20982038700585,1.1372108459472656,0.8627891540527344,0.9575954079627991,1.567115068435669,7.587833881378174,7.811738014221191,6.503889083862305,7.336928367614746,9.85762882232666,11.07676887512207,7.640846252441406,8.478500366210938,14.602409362792969,0.8571468917732968,0.939218316722812,6.4094109535217285,7.242844581604004
downdog,172.50964523089135,179.1493515274114,63.28531372463871,56.331043114503274,3.8325186541081364,0.43023850222424914,108.54439836432255,1.4098000526428223,0.5901999473571777,0.39316248893737793,0.13435451686382294,4.112635612487793,3.7094922065734863,3.925541400909424,3.6241941452026367,4.937682151794434,4.388420104980469,4.544825553894043,0.37734007835388184,7.676401615142822,0.9545072348453386,0.977005198117173,2.9100921154022217,2.4191179275512695
downdog,178.24799351297116,178.51351579358038,82.07288491961403,82.80142071764102,0.9202609181556385,0.8182883685898558,130.07841895098855,0.7187976837158203,1.281202793121338,1.0825985670089722,2.0219905376434326,10.284504890441895,10.185240745544434,9.290952682495117,8.316112518310547,15.010810852050781,13.660062789916992,12.7731351852417,11.054617881774902,19.036113739013672,0.9033931995828642,0.8164865131402951,7.775165557861328,7.038861274719238
downdog,176.95611749479394,178.01209491927642,47.988816946390095,54.862704934946585,1.5570827812925132,1.0939639725520784,95.97633392917255,1.207597255706787,0.7924027442932129,0.772880494594574,1.1395753622055054,4.78318977355957,4.625933647155762,4.5678277015686035,3.780278205871582,6.532306671142578,5.808221817016602,6.1025710105896,5.647282123565674,8.875931739807129,0.9549750193570687,0.8171923068986441,3.6915698051452637,3.114729881286621
downdog,178.67381561185869,178.67869396847047,86.25018883613178,84.8093329473267,0.6775310746465745,0.6994157135994296,111.33268019328233,0.7807278633117676,1.2192718982696533,0.9630199074745178,1.525484323501587,12.902832984924316,13.180645942687988,12.345017433166504,11.724898338317871,16.533615112304688,15.854034423828125,16.610774993896484,14.779780387878418,25.07501983642578,0.9567679044456772,0.889554085569548,11.89497184753418,11.293509483337402
downdog,178.63054922970113,169.6403729120997,78.18237366785412,75.72095724290281,0.7077590450788085,5.414392013046995,145.97529883882356,1.0908336639404297,0.9091666340827942,2.2321841716766357,2.821013927459717,19.198619842529297,18.15777587890625,17.946996688842773,16.58836555480957,23.22667121887207,21.522655487060547,25.11476707458496,21.7558536529541,35.871212005615234,0.9348065590777285,0.9135680907104958,12.523892402648926,10.254171371459961
downdog,175.63336116660872,175.99121956535527,52.937510856198585,51.71515395959429,2.0594706111565277,1.9750650965780356,155.25070209516292,0.9094619750976562,1.0905379056930542,1.146309494972229,1.9698362350463867,26.200395584106445,26.284080505371094,29.35236167907715,27.062856674194336,36.46181869506836,34.59975051879883,33.58580017089844,28.71562385559082,54.41333770751953,1.120302190268476,1.0296291566689937,8.702256202697754,7.88878059387207
downdog,172.54709603681565,168.71213789762086,45.34976304150562,52.16340484123985,3.968768053971244,5.949726248192519,96.34718790049673,1.2542779445648193,0.7457221150398254,0.8406813144683838,1.1830410957336426,6.589311599731445,5.973084926605225,5.785675048828125,5.361015796661377,9.132217407226562,8.471076011657715,4.129914283752441,5.521728992462158,11.806924819946289,0.8780392432837268,0.8975286581400789,5.079411506652832,4.948610305786133
downdog,177.46757695700214,174.18691797213228,70.05328869102321,69.88043369114895,1.2362224479490083,2.9865543736239077,130.57051971281763,0.8972659111022949,1.102734088897705,1.227358102798462,2.3100903034210205,8.181085586547852,7.874732971191406,8.579888343811035,7.452956676483154,10.935705184936523,9.551721572875977,11.48245906829834,9.515807151794434,16.031452178955078,1.0487467958008088,0.9464391690879635,8.165040969848633,7.203405857086182
downdog,175.6863856274877,175.4554980416869,65.95106405673586,66.37531771240086,2.241142472845398,2.3414261618507943,152.86603667486352,1.4075469970703125,0.5924514532089233,1.62130606174469,2.9336161613464355,35.04999923706055,33.097412109375,32.41236114501953,31.141847610473633,45.86155700683594,44.15647888183594,40.28874206542969,33.29115295410156,65.8003158569336,0.9247463887531712,0.9409148536038473,23.405481338500977,22.73069190979004
downdog,177.08039771026964,177.69445895814053,54.9288981339024,62.769280660027576,1.4724634251330382,1.2070693761483222,79.64446675153535,1.1916391849517822,0.808360755443573,0.734597384929657,0.8355485200881958,4.100808143615723,3.9971861839294434,4.031566143035889,3.6373164653778076,5.862650394439697,5.48123836517334,5.492959022521973,5.078282356262207,7.880319595336914,0.9831147956037812,0.9099690102083575,2.8365752696990967,2.6529171466827393
downdog,174.11676760597712,176.48108102352037,67.77052189803123,66.90715080931038,3.209551918979761,2.029990289727524,145.8557264238049,1.3532438278198242,0.6467557549476624,1.0070297718048096,2.082247018814087,9.82899284362793,9.541955947875977,8.189152717590332,6.998655319213867,12.40934944152832,11.310931205749512,11.60994815826416,9.009452819824219,17.26376724243164,0.8331628697579565,0.7334612131918868,7.23030948638916,6.123680591583252
downdog,177.25184195593442,174.06511812494605,53.728800881700074,53.51364196059819,1.3690220149724788,3.1880087668174077,162.7887276389534,0.9854564666748047,1.0145424604415894,1.21373450756073,3.5731725692749023,23.808504104614258,23.381683349609375,23.98053741455078,20.148849487304688,31.171905517578125,29.2545166015625,27.847322463989258,23.772981643676758,45.62388229370117,1.0072256661718413,0.8617364423380945,18.427143096923828,15.048349380493164
downdog,178.65476991869053,178.7715584048753,65.28135636472871,67.48540409704297,0.6537193754352586,0.6258883679979999,17.517830845206113,0.6537513732910156,1.3462480306625366,0.8524727821350098,1.333544135093689,7.516654968261719,7.011938095092773,7.9439377784729,6.749072551727295,8.867669105529785,8.151100158691406,9.902779579162598,8.653687477111816,14.608842849731445,1.0568446676308365,0.9625115763556128,5.223029613494873,4.429939270019531
downdog,177.14144620498905,175.67590999258323,59.97000976561269,57.83198394838957,1.446315590744544,2.2881574557946975,115.02386884213806,0.8652181625366211,1.134781837463379,0.9000769853591919,1.8247418403625488,14.702017784118652,14.064118385314941,14.357884407043457,12.513182640075684,16.496437072753906,15.039946556091309,19.187332153320312,16.087894439697266,27.804611206054688,0.9765927127336462,0.8897238637736061,8.638232231140137,7.708847522735596
downdog,175.6863856274877,175.4554980416869,65.95106405673586,66.37531771240086,2.241142472845398,2.3414261618507943,152.86603667486352,1.4075469970703125,0.5924514532089233,1.62130606174469,2.9336161613464355,35.04999923706055,33.097412109375,32.41236114501953,31.141847610473633,45.86155700683594,44.15647888183594,40.28874206542969,33.29115295410156,65.8003158569336,0.9247463887531712,0.9409148536038473,23.405481338500977,22.73069190979004
downdog,178.57069736350158,178.14628108274732,82.17695961392849,82.86977003518354,0.7506924269462467,1.0158707030457645,129.88206177365936,0.7373552322387695,1.2626439332962036,1.0726696252822876,1.9602326154708862,10.459282875061035,10.369388580322266,9.46056079864502,8.556079864501953,15.271210670471191,13.9468355178833,12.964170455932617,11.222177505493164,19.42037582397461,0.9045132450418182,0.8251285958759439,7.952153205871582,7.283478736877441
downdog,179.37693169688487,179.30620224319793,54.02951876045227,53.56216453215575,0.3339648250912153,0.36153607280292044,36.21074407448556,1.3427085876464844,0.6572915315628052,1.0528191328048706,2.2685179710388184,16.132658004760742,16.62002182006836,13.980941772460938,15.251755714416504,18.085277557373047,19.281455993652344,16.41878890991211,20.699480056762695,30.99217414855957,0.8666235224047794,0.9176735723852497,13.280689239501953,14.483597755432129
downdog,173.85429495052574,175.1073523073267,45.41405835851616,46.1131567368986,3.161864380236502,2.7413116431606004,154.72214235659257,1.2495479583740234,0.7504516839981079,0.12244321405887604,2.6143572330474854,20.095670700073242,20.735641479492188,18.965251922607422,16.2755069732666,26.339725494384766,25.232412338256836,22.72766876220703,19.870962142944336,37.99118423461914,0.9437480968868683,0.7849048800568047,17.039113998413086,14.631584167480469
downdog,175.41511834441602,179.6422725522684,55.87109882780797,54.56395410881362,2.1822057008646,0.17913678902801208,160.37234335846264,0.6702594757080078,1.3297406435012817,1.9109834432601929,2.496488571166992,26.022741317749023,25.72051239013672,28.652055740356445,25.701480865478516,34.45951461791992,32.49847412109375,29.988380432128906,26.392553329467773,53.0258674621582,1.1010390600076794,0.9992600254757938,24.339506149291992,21.21147918701172
downdog,173.28378827716932,172.7622063254016,101.43238961064638,98.21365359639564,3.4193057162114573,3.5859947134914116,107.19339850681652,1.0702266693115234,0.9297732710838318,1.1138135194778442,2.274522066116333,12.7777681350708,13.338826179504395,12.321172714233398,13.583052635192871,20.333242416381836,20.931276321411133,18.5216064453125,21.23097801208496,25.961790084838867,0.9642663428951621,1.01830936501402,12.321056365966797,13.582375526428223
downdog,179.19764939945026,179.60336450565782,44.30456482568384,47.26574392133391,0.40926112153302896,0.2036717727852554,102.81960389271133,0.5939764976501465,1.4060232639312744,0.8391983509063721,1.7720122337341309,13.94654369354248,12.823164939880371,13.445404052734375,12.202062606811523,17.790706634521484,16.312332153320312,15.906075477600098,13.315821647644043,26.20500373840332,0.964067039412268,0.9515639635343718,11.428116798400879,10.500701904296875
downdog,176.35927553288164,176.5895809938933,67.00025614195803,66.42307127450074,1.9704023633619396,1.7882692769164026,58.88651040442974,1.0933303833007812,0.9066694378852844,0.9193875193595886,1.9490330219268799,18.16925048828125,18.272493362426758,15.403267860412598,16.57505989074707,21.001985549926758,21.933794021606445,18.430442810058594,20.394283294677734,34.19384765625,0.8477656809553961,0.9071043920982087,15.359359741210938,16.529144287109375
downdog,177.42876478991303,177.72419321224353,63.89127387955712,65.9758690268892,1.2870960224807317,1.1828329592759934,147.16972482889872,1.6344947814941406,0.36550500988960266,0.2995501160621643,1.0514219999313354,10.562674522399902,10.594210624694824,10.541036605834961,9.790093421936035,14.059196472167969,12.968992233276367,12.129050254821777,11.980873107910156,20.73914337158203,0.9979513792202505,0.9240983443369764,9.144949913024902,8.527283668518066
downdog,173.96944298268315,172.53439016573935,54.97325012332596,52.96495577018441,3.2057678797449958,4.073955199873452,62.93412962519553,0.31142139434814453,1.6885789632797241,1.317753553390503,2.0079212188720703,20.396883010864258,22.473743438720703,17.975317001342773,18.715137481689453,25.478971481323242,27.305723190307617,21.007841110229492,23.890525817871094,39.710208892822266,0.8812776006260733,0.8327556421547879,17.960020065307617,18.70258140563965
downdog,176.93618123811328,177.98763280248494,70.29189785297916,69.89993609269523,1.581400590372126,1.0400462781624773,171.65723650349364,0.8399658203125,1.1600309610366821,2.444669485092163,5.64428186416626,45.591217041015625,42.758201599121094,42.727500915527344,39.945457458496094,59.234405517578125,57.4576301574707,55.13946533203125,45.70232009887695,85.4798583984375,0.9371870889057632,0.9342174139779483,17.788787841796875,18.02684211730957
downdog,179.66662159462044,178.6812141026119,47.35723893586927,45.2960306173818,0.16071255014426922,0.6575990921694785,129.55615774493768,0.9855613708496094,1.0144383907318115,0.48437947034835815,1.8422712087631226,9.909966468811035,9.031888961791992,10.812435150146484,9.090923309326172,12.919740676879883,11.300508499145508,11.68880844116211,10.154335021972656,19.421960830688477,1.0910666643635032,1.006536101279346,1.1777207851409912,0.9202000498771667
downdog,174.74849372691665,176.44978328226964,65.69112392816156,59.68067159225181,2.8750780601577257,1.8271348455538088,100.12688733215045,1.1505773067474365,0.8494225740432739,0.7645952105522156,0.9842296242713928,5.199572563171387,5.186938285827637,4.29829216003418,4.890920639038086,6.240848541259766,6.67607307434082,6.900733947753906,7.739129543304443,9.779572486877441,0.8266624383351379,0.9429299958072832,3.652690887451172,4.033565521240234
downdog,178.90639383520613,179.61793882868304,77.81730088946489,76.13437828016141,0.547869367485167,0.19382665722055112,116.75263137451847,1.1043968200683594,0.8956030011177063,0.711768388748169,0.9297379851341248,16.052736282348633,15.587461471557617,15.991268157958984,15.094168663024902,20.98507308959961,19.700170516967773,19.068891525268555,16.122316360473633,31.361923217773438,0.9961708010722109,0.9683531678467342,12.106415748596191,11.531194686889648
downdog,179.28454161828347,178.97378032635285,58.0311635637718,56.91492566060363,0.36637470537647665,0.5553189462357404,177.27832950395805,0.8455276489257812,1.1544727087020874,1.1233261823654175,2.9191367626190186,16.843008041381836,16.37517547607422,16.0621337890625,13.89036750793457,22.910175323486328,21.200220108032227,20.38384246826172,17.27968406677246,31.58391761779785,0.9536380197623362,0.8482575762300818,9.51154613494873,8.136116981506348
downdog,179.33060433492116,179.81977422260553,43.43044601118356,43.65794764298329,0.33861962506098686,0.09487278508118449,155.81195939712123,1.1377143859863281,0.862284243106842,1.003110647201538,2.534259557723999,28.896390914916992,28.271018981933594,28.15302848815918,26.529544830322266,39.602352142333984,38.178627014160156,33.07887649536133,29.84347152709961,55.924072265625,0.9742748704078148,0.9384006960935896,26.506717681884766,24.94859504699707
downdog,178.00698207823532,179.8051664433104,51.147972645832326,52.078246757995835,0.9958328626181212,0.09891171693842998,130.67413352625033,1.2819595336914062,0.7180402278900146,1.2424521446228027,2.4922292232513428,17.266624450683594,16.411909103393555,17.29739761352539,15.773083686828613,22.490478515625,21.171356201171875,20.699148178100586,17.023820877075195,33.37092208862305,1.0017821758472543,0.9610754377436633,17.296993255615234,15.759824752807617
downdog,173.63736239701075,178.6636729475933,67.2855880552602,61.95406089306544,3.7479992103023143,0.7509530425318165,89.59853299997246,1.197038173675537,0.8029618263244629,0.9328822493553162,1.0696476697921753,3.3736298084259033,3.520944118499756,2.3544037342071533,2.743696451187134,4.583902835845947,5.031001091003418,3.792389392852783,5.288174152374268,5.990692138671875,0.6978842285666969,0.7792499907968458,2.2230002880096436,2.466226100921631
downdog,174.93090036798648,176.34371222763644,51.767266187246115,51.68596747607737,2.7929517647007147,1.991937453228637,31.0997732168589,1.491562843322754,0.5084375143051147,1.3513526916503906,2.3036952018737793,11.662193298339844,12.616776466369629,9.50482177734375,10.543170928955078,13.030600547790527,14.595746040344238,11.67903995513916,14.528082847595215,22.146888732910156,0.8150114407454861,0.8356468961316147,8.616829872131348,9.56060791015625
downdog,179.88985657019026,179.1045257918883,71.31398628748833,70.73224934380335,0.059347025446578223,0.4788811631912685,62.2617374084209,1.151881217956543,0.8481189012527466,0.9209142923355103,2.0923798084259033,8.766403198242188,8.799365043640137,6.333084583282471,7.665567874908447,11.647072792053223,12.475491523742676,8.10833740234375,10.464550971984863,15.781957626342773,0.7224267145419055,0.8711500165911206,6.261652946472168,7.589325904846191
downdog,177.3464944151828,177.0984223228471,50.2602832918633,51.35657610113771,1.415683328277124,1.5510383991886878,10.406222240420787,1.38226318359375,0.617737352848053,0.5286033749580383,0.5449908971786499,10.266886711120605,10.301671981811523,8.974993705749512,8.9710693359375,11.532793998718262,12.289922714233398,9.96493148803711,12.260775566101074,19.24941635131836,0.874168877490325,0.8708361595030908,6.645843029022217,6.440728187561035
downdog,173.79549686553628,177.32255437232527,56.2134076636684,53.7520398268096,3.246969161088424,1.3738734084928728,68.3289621757013,1.1620464324951172,0.8379530906677246,0.8529069423675537,1.009289264678955,11.025971412658691,11.29300594329834,10.043904304504395,10.716243743896484,14.249918937683105,15.364102363586426,11.708707809448242,13.325411796569824,21.51850700378418,0.910931383518899,0.948927402391785,9.966611862182617,10.526955604553223
downdog,178.2452032074464,177.4837048668001,61.324591214145194,66.08882290280852,0.8406988458095362,1.2274854487086873,124.23790527425616,0.8490076065063477,1.150992751121521,0.8369744420051575,1.4355946779251099,10.411158561706543,9.67863941192627,11.320442199707031,10.160343170166016,12.615854263305664,10.989925384521484,13.224918365478516,10.88999080657959,20.780094146728516,1.087337306916795,1.04976967195167,11.179183959960938,9.978985786437988
downdog,175.90055113154912,175.43545674127157,62.89864888276682,62.89484127642648,2.0051574923650786,2.2974620997448953,152.51157721881034,1.0914249420166016,0.908575713634491,0.7541435360908508,1.7908505201339722,22.51961326599121,22.51700782775879,23.51930046081543,22.21888542175293,29.376901626586914,27.872554779052734,28.671716690063477,25.311725616455078,45.354801177978516,1.044391799211851,0.9867600795342614,20.141611099243164,19.029691696166992
tree,175.95561894296753,32.552783403156795,173.66642669022116,133.89135923635783,2.154677287217594,97.51699453106768,91.15018042175306,1.291877031326294,0.7081229090690613,2.176921844482422,3.4629971981048584,2.3003616333007812,1.8909002542495728,2.0174334049224854,1.4595757722854614,3.0123894214630127,2.853634834289551,1.0645052194595337,1.016021966934204,2.6629912853240967,0.8770066839538591,0.7718942324488076,0.15970076620578766,1.4017291069030762
tree,24.63421713888756,172.90245214245252,107.0385553046497,179.8972079274581,76.90166530272504,3.5125702667848353,89.36791668015447,1.2099838256835938,0.7900162935256958,2.1198134422302246,1.8152382373809814,1.510965347290039,1.1559010744094849,1.5199897289276123,1.179699420928955,1.6719619035720825,1.8254696130752563,1.6026393175125122,1.5677506923675537,1.4678610563278198,1.0059719276036538,1.020587683893229,1.5198438167572021,0.29809480905532837
tree,173.29407483019847,43.09496279242241,171.92651651612218,140.1990096714865,3.5629886599298577,86.75767670363945,91.57811163126551,1.270538568496704,0.7294615507125854,2.3280107975006104,3.9569051265716553,2.692760467529297,1.8804397583007812,2.375452756881714,1.4459190368652344,3.3713295459747314,3.2186267375946045,0.842050313949585,0.8783011436462402,3.155656099319458,0.8821623398604538,0.7689255992152644,0.20254863798618317,1.4220303297042847
tree,42.36767134683952,176.0336998135253,136.00897672813952,176.77359612055184,91.3323699274375,2.0903147336107435,95.48867728045398,1.304403305053711,0.6955966353416443,2.495933771133423,4.61542272567749,2.064379930496216,3.074202299118042,1.492881417274475,2.7588119506835938,3.569628953933716,3.6204395294189453,1.6369338035583496,1.5364006757736206,3.600311040878296,0.7231617940375136,0.8974071270677085,1.447550654411316,0.00992351770401001
tree,20.316641351195216,179.67614869054734,114.03084637076277,175.03623383126347,90.92519114347265,0.1747129721695325,93.6058031874293,1.1549233198165894,0.8450765609741211,2.087609052658081,1.7983808517456055,1.6238685846328735,1.2460745573043823,1.5137394666671753,1.0536998510360718,1.6235716342926025,1.61502206325531,1.48117196559906,1.4775665998458862,1.4195858240127563,0.932180441700559,0.8456147340820375,1.4761329889297485,0.13189080357551575
tree,151.86923709939632,84.95895778212451,167.43804699239527,121.90008413598362,14.726126587701577,39.089976868733046,96.84161323779254,1.1816821098327637,0.8183176517486572,13.269786834716797,15.826083183288574,18.655120849609375,11.98553466796875,17.01318359375,15.749564170837402,29.89490509033203,29.622299194335938,21.95277214050293,22.507781982421875,26.755311965942383,0.9119845869088357,1.314047582614767,6.5821380615234375,10.827143669128418
tree,20.72208998627388,179.19716178851212,107.85755348419406,173.7815774468087,65.43855045580709,0.4168407082359462,88.1611947115658,1.157104253768921,0.8428956866264343,2.2163214683532715,2.1455752849578857,1.627622127532959,1.3768614530563354,1.7855311632156372,1.268776535987854,1.6752561330795288,1.8220762014389038,1.7768123149871826,1.7561360597610474,1.584089756011963,1.0970175669118345,0.9214983916305117,1.78536057472229,0.2704198658466339
tree,173.62440186055298,24.552264418729504,173.18574319843012,103.80605447123796,3.3472013932100197,61.58210707747225,95.9657164799486,1.2904894351959229,0.7095104455947876,1.7657499313354492,1.2834391593933105,0.9314318895339966,1.2204238176345825,0.842775285243988,1.384476661682129,1.4272431135177612,1.2836849689483643,0.5490137934684753,0.7316045761108398,1.1259771585464478,0.9048158967906269,1.1344219174152084,0.24822799861431122,1.3814481496810913
tree,179.13407641648587,22.693661070501104,170.58735274235437,110.02351793768653,0.47146892737027096,76.83555176039275,99.53053498717163,1.3112484216690063,0.6887515187263489,1.8914042711257935,1.5063211917877197,1.0889979600906372,1.4411208629608154,0.9110032916069031,1.4595927000045776,1.5701615810394287,1.376334547996521,0.6928804516792297,0.5754778981208801,1.2640440464019775,0.8365511125291437,1.0128169848216817,0.19073323905467987,1.4595396518707275
tree,38.06305656156258,179.31757688308346,117.56116947213687,179.18410643378493,80.77147003593758,0.35054452113734796,88.54344961933256,1.277037262916565,0.7229627370834351,2.5647037029266357,3.933228015899658,1.6544873714447021,2.4739062786102295,1.4683634042739868,2.3230409622192383,2.879143238067627,3.088737726211548,1.1494160890579224,1.1734389066696167,2.9095077514648438,0.8875030067402706,0.9390169883506129,1.4597247838974,0.26992738246917725
tree,174.25761512116478,21.74312828488537,169.65181180185212,114.68380663367219,3.248415913748394,79.54207917566391,100.71527958865732,1.2750036716461182,0.7249963283538818,1.8444747924804688,1.376979947090149,1.0183154344558716,1.4271279573440552,0.7819380760192871,1.4231758117675781,1.3748825788497925,1.1903718709945679,0.6808968782424927,0.5303714871406555,1.1490281820297241,0.7678733736995111,0.9972300011459133,0.07800012081861496,1.4176000356674194
tree,171.80640466453374,26.34905208993399,167.47668511641444,104.87170784964232,4.138625853877765,68.52569027291476,96.13627811604812,1.2896828651428223,0.7103171348571777,2.051931858062744,1.3623037338256836,1.009586215019226,1.4756333827972412,0.9891746640205383,1.579974889755249,1.4014657735824585,1.2843685150146484,0.6432086229324341,0.675597608089447,1.3217782974243164,0.97978129012034,1.0707089155514375,0.23236237466335297,1.5745652914047241
tree,176.93043603761078,21.57947865319343,172.32596026585526,111.32859038082965,1.545097035814303,76.31431651824718,96.67073363951454,1.2843420505523682,0.7156578898429871,1.8752161264419556,1.6384433507919312,1.0551267862319946,1.418205738067627,1.040958285331726,1.4458165168762207,1.5366871356964111,1.3883172273635864,0.6240939497947693,0.6173536777496338,1.2882421016693115,0.9865708200606964,1.0194680916875445,0.2264505922794342,1.4409266710281372
tree,176.92037591834452,43.967849420668564,175.59068909177657,117.91608202919274,1.6398437900104872,67.41937344693677,100.36582571227481,1.2146859169006348,0.7853140830993652,1.968942642211914,1.4549860954284668,1.3035653829574585,1.4397187232971191,1.1446858644485474,1.451876163482666,1.838343620300293,1.652024745941162,1.247252106666565,1.186781406402588,1.7534148693084717,0.8781185825393473,1.0084436157877363,0.1846296191215515,1.370393991470337
tree,23.238798981579738,175.17476484699287,107.1622402319964,173.39187982384314,87.416797547364,2.353266335061672,88.47623235986835,1.1563135385513306,0.8436863422393799,2.318704605102539,2.208387613296509,1.7492547035217285,1.3502477407455444,1.638473391532898,1.4183132648468018,1.7392128705978394,1.903618335723877,1.8494881391525269,1.851450800895691,1.723565697669983,0.9366688862206963,1.0504088780439635,1.6371846199035645,0.20163121819496155
tree,177.4571640277625,39.29108830208033,177.04070631328207,110.5461674140544,1.2870960224807317,71.18751982437456,95.99330334642258,1.249843955039978,0.750156044960022,2.062948226928711,1.2147984504699707,1.1422511339187622,1.590887188911438,1.1142513751983643,1.5744566917419434,1.7408075332641602,1.633549451828003,1.4748107194900513,1.4372667074203491,1.6474443674087524,0.9754863590192344,0.989671494650584,0.2642798125743866,1.5130398273468018
tree,179.83807450693718,27.32509163659059,162.67078343982834,116.78320139845775,0.08156468806857739,77.7810967883285,94.15727466125438,1.289145588874817,0.7108543515205383,2.0329461097717285,1.872510552406311,1.231426477432251,1.445677399635315,1.1677097082138062,1.4280726909637451,1.6162831783294678,1.560601830482483,0.7878259420394897,0.6156989336013794,1.5298296213150024,0.9482569859888884,0.9878218359795574,0.06258690357208252,1.420423984527588
tree,39.61308749412011,179.58551302334692,117.92956918837652,179.48224482822312,80.16846885106156,0.2121420935987288,88.13796757159291,1.276235580444336,0.7237644195556641,2.5779333114624023,3.9986581802368164,1.6543922424316406,2.5142877101898193,1.4572906494140625,2.378415822982788,2.903524875640869,3.1312406063079834,1.1903223991394043,1.2017103433609009,2.976431369781494,0.8808610988232307,0.9459597115254225,1.4436393976211548,0.2914918065071106
tree,177.54209948471475,32.308597250340185,174.26748769662396,111.30010682708388,1.2725705021552605,65.52028378519806,97.48819425971556,1.2640070915222168,0.7359927892684937,2.1005301475524902,1.820965051651001,1.3726589679718018,1.5649241209030151,1.2784397602081299,1.7034658193588257,1.7641674280166626,1.5890051126480103,1.2396103143692017,1.2606936693191528,1.7479345798492432,0.9313593971106416,1.0885286437065231,0.2798606753349304,1.6818941831588745
tree,179.0224121843683,26.5274568716676,178.78147475784212,132.91921006529589,0.49574558920739903,89.62335688426249,87.69190281413125,1.0984151363372803,0.901585042476654,3.3334481716156006,6.151065826416016,3.4822027683258057,2.538090705871582,3.3835501670837402,2.2783336639404297,5.191047668457031,4.894585132598877,4.301432132720947,4.286104679107666,3.975520610809326,0.9716692049616911,0.8976561637508085,0.18023055791854858,2.1376726627349854
tree,176.317139508538,43.88847221463438,175.48603020255965,136.89413136147854,1.9435005195690225,88.69324004198603,90.56943436822532,1.2554831504821777,0.744516909122467,2.406461000442505,4.169636249542236,2.7598509788513184,1.8794810771942139,2.4699926376342773,1.384246587753296,3.487051486968994,3.2585082054138184,0.8917844295501709,0.9521676301956177,3.2559988498687744,0.8949728668645179,0.7365042766567742,0.18112505972385406,1.3732792139053345
tree,165.25494234285924,17.66928039119362,171.37636343266888,103.8040482052664,7.947223614228113,68.21915220343313,94.64401718129231,1.273424506187439,0.7265755534172058,1.9886595010757446,1.5386816263198853,1.0408108234405518,1.408615231513977,0.8910413980484009,1.5130034685134888,1.3796300888061523,1.2437325716018677,0.7987493276596069,0.7719332575798035,1.1437915563583374,0.8561023020500831,1.0741062289814143,0.3356134593486786,1.5091074705123901
tree,165.25494234285924,17.66928039119362,171.37636343266888,103.8040482052664,7.947223614228113,68.21915220343313,94.64401718129231,1.273424506187439,0.7265755534172058,1.9886595010757446,1.5386816263198853,1.0408108234405518,1.408615231513977,0.8910413980484009,1.5130034685134888,1.3796300888061523,1.2437325716018677,0.7987493276596069,0.7719332575798035,1.1437915563583374,0.8561023020500831,1.0741062289814143,0.3356134593486786,1.5091074705123901
tree,174.18075080358523,100.31198262536195,179.3954208924214,131.7352687458303,3.158023260163154,43.61044178517783,89.09203199522877,1.2681283950805664,0.7318714261054993,1.241603970527649,0.3393833637237549,1.0938379764556885,1.2208141088485718,0.921850323677063,1.0422784090042114,1.3598520755767822,1.3513410091400146,0.5611163973808289,0.6151801347732544,1.8634815216064453,0.8427660227139541,0.85375615148411,0.26792699098587036,0.7212015390396118
tree,43.36508264966223,178.0434524221851,124.34201926305084,177.49368128415267,80.02625950216105,0.9928810001199786,90.34813641140343,1.170029640197754,0.8299704194068909,2.7266809940338135,4.217792987823486,1.9922382831573486,2.6974964141845703,1.6889057159423828,2.6188266277313232,3.2744202613830566,3.5656909942626953,3.5579781532287598,3.5580391883850098,3.3452534675598145,0.8477424023412311,0.9708356397156997,1.6819262504577637,0.15451884269714355
tree,176.79148519655536,22.617857471039585,175.3898106325716,110.03351398599955,1.6332669631490473,70.54494045714242,103.10364234007156,1.2251055240631104,0.7748945355415344,2.2577052116394043,2.007272481918335,1.3419667482376099,1.6431173086166382,1.2944056987762451,1.7399609088897705,1.8798316717147827,1.6456791162490845,1.6748062372207642,1.7474143505096436,1.622155785560608,0.964557978741421,1.0589383002826287,0.4023023545742035,1.721444010734558
tree,177.4571640277625,39.29108830208033,177.04070631328207,110.5461674140544,1.2870960224807317,71.18751982437456,95.99330334642258,1.249843955039978,0.750156044960022,2.062948226928711,1.2147984504699707,1.1422511339187622,1.590887188911438,1.1142513751983643,1.5744566917419434,1.7408075332641602,1.633549451828003,1.4748107194900513,1.4372667074203491,1.6474443674087524,0.9754863590192344,0.989671494650584,0.2642798125743866,1.5130398273468018
tree,177.77912247950255,62.305127599611154,178.9293594534645,133.22677659966078,1.1820054845849188,68.39404456032244,80.408480608936,1.2759841680526733,0.7240157723426819,2.6601879596710205,4.429852485656738,3.22904372215271,1.864986777305603,2.837185859680176,1.5207808017730713,3.5418567657470703,3.6285648345947266,0.8380076289176941,0.9021686315536499,3.9118759632110596,0.8786455759549551,0.8154374094452155,0.4178674817085266,1.514572262763977
tree,172.3062422305716,24.258253281913095,170.53259134684603,106.0411555644982,3.959579817599023,61.40517006108864,97.22127276296106,1.2948607206344604,0.7051392793655396,1.776674747467041,1.3292100429534912,0.9364410042762756,1.2270814180374146,0.8832100033760071,1.393544316291809,1.4499075412750244,1.3034732341766357,0.5610306262969971,0.7264832258224487,1.1451832056045532,0.9431550478756998,1.1356566566413953,0.2578819692134857,1.3921172618865967
tree,22.30468213458488,174.64379198882975,110.40143366170325,178.10369584100343,74.23790896357787,2.325741917212416,86.84735074510981,1.1837282180786133,0.816271960735321,2.226802110671997,1.8927949666976929,1.7347912788391113,1.0766665935516357,1.7908324003219604,1.402716040611267,1.5626405477523804,1.661029577255249,1.705575942993164,1.7434340715408325,1.5535041093826294,1.0323036493569997,1.3028311142755635,1.790066123008728,0.14721792936325073
tree,179.13407641648587,22.693661070501104,170.58735274235437,110.02351793768653,0.47146892737027096,76.83555176039275,99.53053498717163,1.3112484216690063,0.6887515187263489,1.8914042711257935,1.5063211917877197,1.0889979600906372,1.4411208629608154,0.9110032916069031,1.4595927000045776,1.5701615810394287,1.376334547996521,0.6928804516792297,0.5754778981208801,1.2640440464019775,0.8365511125291437,1.0128169848216817,0.19073323905467987,1.4595396518707275
tree,176.79148519655536,22.617857471039585,175.3898106325716,110.03351398599955,1.6332669631490473,70.54494045714242,103.10364234007156,1.2251055240631104,0.7748945355415344,2.2577052116394043,2.007272481918335,1.3419667482376099,1.6431173086166382,1.2944056987762451,1.7399609088897705,1.8798316717147827,1.6456791162490845,1.6748062372207642,1.7474143505096436,1.622155785560608,0.964557978741421,1.0589383002826287,0.4023023545742035,1.721444010734558
tree,177.93322498346274,34.24236429242747,177.47361286567113,138.79623373956153,1.0456754464777664,101.29258811285469,96.81442570803104,1.1858229637145996,0.8141771554946899,2.3249945640563965,3.966175079345703,2.5757410526275635,2.1234898567199707,2.514509439468384,1.5168147087097168,3.793701410293579,3.605154275894165,3.3715391159057617,3.409862756729126,3.149837017059326,0.9762271951507274,0.7143024439731517,0.3981180489063263,1.4907424449920654
tree,168.99450152133642,25.13728373433378,167.93894141627973,98.40842924151596,5.184213027070173,53.990514781147795,94.49996675196023,1.3055217266082764,0.6944783329963684,1.816914439201355,1.3627465963363647,0.8765767812728882,1.155167818069458,0.9839383959770203,1.4024049043655396,1.4001705646514893,1.2798718214035034,0.6638999581336975,0.6866226196289062,1.1765083074569702,1.1224769974756061,1.2140259349358717,0.27071911096572876,1.3903956413269043
tree,178.92243654040954,56.95922435808336,179.32016240290253,140.40404463618663,0.5475120974517762,82.06661977772794,87.94119821720818,1.1557672023773193,0.8442328572273254,2.8903586864471436,5.4227118492126465,3.6844468116760254,2.368985414505005,3.5688273906707764,1.568398118019104,4.964450359344482,4.833200931549072,4.304784774780273,4.280253887176514,4.624063014984131,0.9686193354024861,0.662054500783964,0.09937453269958496,1.5668476819992065
tree,178.86013377301225,20.566778886670782,176.89776515802797,120.05084755151371,0.6274495942081924,81.32940547558478,96.77918766966037,1.1920089721679688,0.807991087436676,2.179637908935547,2.05440354347229,1.4182122945785522,1.7047175168991089,1.1578505039215088,1.6873891353607178,2.075099468231201,1.9606566429138184,1.8783526420593262,1.7747933864593506,1.5672706365585327,0.8164149273932628,0.9898344616037179,0.15586039423942566,1.6701016426086426
tree,171.29427951027225,24.453873196844228,170.1338060665738,116.01590288577849,4.719453496050844,75.66522765728716,98.65371079155726,1.211876392364502,0.7881234288215637,2.3882970809936523,2.018555164337158,1.4475737810134888,1.7136480808258057,1.2230416536331177,1.7412029504776,2.012289047241211,1.8633304834365845,1.835611343383789,1.755238652229309,1.6761540174484253,0.8448901360224244,1.016079061903687,0.2823852300643921,1.7410475015640259
tree,178.42467473451845,88.08351034088226,175.6779487131283,150.40119445552318,0.857065212151013,50.118765376404646,94.22551625542518,1.1683506965637207,0.8316492438316345,1.9045755863189697,2.3477931022644043,2.349294424057007,1.6703038215637207,1.9682884216308594,1.4507404565811157,3.5977656841278076,3.4028873443603516,3.2076640129089355,3.1161656379699707,3.224195957183838,0.8378207361557853,0.8685483259414583,0.14389774203300476,1.2683749198913574
tree,165.78131471168942,50.086724209626254,172.37588894668355,144.76210390977877,7.171514371095372,41.691713830006336,86.36961196674739,1.285470724105835,0.7145293951034546,0.7058497667312622,0.9603366851806641,0.5784876942634583,0.5556638836860657,0.568507194519043,0.8350285887718201,0.7461137771606445,0.7981866598129272,0.526648998260498,0.49954530596733093,0.6247986555099487,0.9827455577898131,1.5027557315347404,0.24359437823295593,0.729058027267456
tree,177.31634741202464,27.386160400744572,175.21713327075724,120.49971167854513,1.347119843562409,88.59826053176128,94.38666800316471,1.2677726745605469,0.7322272658348083,1.985275149345398,2.3438355922698975,1.482379674911499,1.581183910369873,1.4713150262832642,1.4217725992202759,2.10323166847229,1.92937171459198,0.895612895488739,0.7803859114646912,1.8283337354660034,0.99253521796694,0.8991817401594687,0.24559226632118225,1.4120278358459473
tree,175.9980644455698,24.09708232140844,173.09186446911554,107.81950728108446,1.7809219294866223,64.27716916264075,96.07953282210002,1.2590783834457397,0.7409217357635498,1.8547860383987427,1.424109935760498,0.8672130703926086,1.3322120904922485,1.081577181816101,1.4781547784805298,1.3844692707061768,1.2675166130065918,0.5630074143409729,0.4650755226612091,1.228325605392456,1.2471859241472467,1.1095483065208107,0.2582215964794159,1.4780369997024536
tree,175.34814693492802,22.57684106307792,168.97125200076272,109.58576670446507,2.459413081353559,75.73999024860572,97.20255752183786,1.2994599342346191,0.7005400061607361,1.868955135345459,1.3992068767547607,0.9934870600700378,1.399558663368225,0.8857277035713196,1.4288665056228638,1.4117623567581177,1.27219557762146,0.6971640586853027,0.6979161500930786,1.1909812688827515,0.8915333149639246,1.0209400449453565,0.19721314311027527,1.426652431488037
tree,21.729609419540242,178.19398060563384,106.89364331835351,173.1166963134358,68.33687675888072,0.9926838972217666,88.36541701380425,1.1643404960632324,0.835659384727478,2.2316558361053467,2.078676462173462,1.6509053707122803,1.4362183809280396,1.776368498802185,1.1766599416732788,1.6684962511062622,1.8246231079101562,1.777121663093567,1.7670576572418213,1.589547872543335,1.0759959076514887,0.819275910977443,1.7762479782104492,0.24498054385185242
tree,173.17924140069195,11.148940745938033,176.9211388256734,102.65841630925372,3.561174752021476,67.765960007198,94.95413358058913,1.193230390548706,0.8067695498466492,1.947853446006775,1.3855410814285278,0.8302853107452393,1.3880574703216553,0.7600908875465393,1.4715780019760132,1.2796382904052734,1.1837899684906006,1.2585166692733765,1.173215389251709,0.9075615406036377,0.9154563645211797,1.0601700385395176,0.12933406233787537,1.463937759399414
tree,175.9473957140177,38.56524778254541,178.09905733060305,112.56681100852208,2.2281800705941985,66.04260200078156,95.27044625944662,1.2165627479553223,0.7834373116493225,2.136157274246216,1.6344889402389526,1.4791309833526611,1.5880918502807617,1.2110882997512817,1.6816329956054688,1.8129709959030151,1.7451225519180298,1.48129141330719,1.4605627059936523,1.866763710975647,0.8187831196822474,1.058900929695748,0.12900333106517792,1.630211591720581
tree,20.259733329094427,165.32339464605602,97.90557916671466,165.87982353112795,56.479655851439354,7.197264882080826,83.24199688282941,1.2734880447387695,0.7265120148658752,1.994301438331604,1.499963641166687,1.2298961877822876,0.9268399477005005,1.4359095096588135,0.962958574295044,1.2238906621932983,1.396186113357544,0.5701067447662354,0.5417258739471436,1.1484428644180298,1.1675036937420769,1.0389685271072147,1.4269580841064453,0.30452367663383484
tree,177.79699604254603,53.20304641281165,176.80334431949493,117.24073841773576,1.1869616810452197,64.30638081982578,91.43913361895943,1.1533632278442383,0.8466366529464722,2.1453614234924316,1.481217384338379,1.5191922187805176,1.6005831956863403,1.3006056547164917,1.575378179550171,2.146967887878418,2.0457589626312256,1.7904049158096313,1.8186230659484863,2.109717607498169,0.856116021739822,0.9842519898646376,0.2475357949733734,1.4494595527648926
tree,177.91427812717194,18.115610914634264,176.5713737227861,117.98980172132379,1.0697263019310073,92.2359791425009,98.98833298423217,1.1775894165039062,0.8224104642868042,2.068779468536377,1.7369353771209717,1.10745108127594,1.5700660943984985,1.0518757104873657,1.4731780290603638,1.6353400945663452,1.521834135055542,1.49924898147583,1.5074245929718018,1.316304087638855,0.9498160040256167,0.9382898567304517,0.17371457815170288,1.4610092639923096
tree,43.36234212743775,179.24540778966974,133.78866633454297,175.88429317254403,91.2446961446288,0.39564760470754784,94.13309792174665,1.3064055442810059,0.6935944557189941,2.352667808532715,3.9753761291503906,2.081568956375122,2.705308198928833,1.4823015928268433,2.4611334800720215,3.1691536903381348,3.293429374694824,3.1986167430877686,3.13828444480896,3.293907642364502,0.7121075072625211,0.9097420291353413,1.457952857017517,0.08053639531135559
tree,31.9319199715266,165.3348966918526,111.55592437151921,174.966818157126,79.22647559689939,8.581535780516978,88.6234698679958,1.231651782989502,0.768348217010498,2.1879079341888428,1.5771939754486084,1.5855032205581665,1.3987449407577515,1.5051484107971191,0.9934402704238892,1.6792898178100586,1.7575421333312988,1.4284911155700684,1.4829591512680054,1.5996490716934204,0.9493184510522725,0.7102363920968425,1.5018353462219238,0.316910058259964
tree,47.50509892477181,173.9047754287584,140.99891653592198,176.32453709064941,95.20278280963005,3.3421087885150476,89.54546264301229,1.3155555725097656,0.6844444274902344,2.2611820697784424,3.664083480834961,2.5258374214172363,2.9654886722564697,1.5366829633712769,2.4433364868164062,3.697521209716797,3.8444137573242188,1.4104926586151123,1.4110198020935059,3.6302175521850586,0.6083852990521267,0.8239234517236568,1.5215694904327393,0.32677310705184937
tree,178.86013377301225,20.566778886670782,176.89776515802797,120.05084755151371,0.6274495942081924,81.32940547558478,96.77918766966037,1.1920089721679688,0.807991087436676,2.179637908935547,2.05440354347229,1.4182122945785522,1.7047175168991089,1.1578505039215088,1.6873891353607178,2.075099468231201,1.9606566429138184,1.8783526420593262,1.7747933864593506,1.5672706365585327,0.8164149273932628,0.9898344616037179,0.15586039423942566,1.6701016426086426
tree,175.91754524177622,46.36580048162827,173.5452385172889,138.84883522523785,2.134050255261102,86.78050939286983,90.34523995352421,1.2642518281936646,0.7357481122016907,2.39892315864563,4.054384231567383,2.747506618499756,2.0415093898773193,2.5088744163513184,1.4918599128723145,3.5482892990112305,3.307201862335205,0.9837755560874939,0.7931506037712097,3.356436252593994,0.913145572175432,0.7307628314161874,0.11179083585739136,1.4805694818496704
tree,172.9804624283017,38.65362313557501,178.71503426627532,112.70253568562555,3.8857465859045166,64.25980819533537,90.53220727572116,1.2699662446975708,0.7300337553024292,1.800378680229187,1.6668760776519775,1.3139441013336182,1.2526029348373413,1.0599969625473022,1.3554177284240723,1.9263825416564941,1.815548300743103,0.7868788838386536,0.8559417128562927,1.5953465700149536,0.806728501420215,1.0820800499880932,0.007153347134590149,1.3428051471710205
tree,176.19393672590306,17.995983482639236,168.18270094961315,101.58099867940614,1.8334434245349185,58.743057029259475,103.4767928804449,1.2915027141571045,0.708497166633606,2.0719354152679443,1.6861172914505005,1.0356407165527344,1.5031285285949707,1.1140902042388916,1.7114696502685547,1.3293206691741943,1.1279836893081665,0.5866164565086365,0.19526301324367523,1.3008389472961426,1.0757486748866039,1.138604237166658,0.1910644769668579,1.7030582427978516
tree,177.91427812717194,18.115610914634264,176.5713737227861,117.98980172132379,1.0697263019310073,92.2359791425009,98.98833298423217,1.1775894165039062,0.8224104642868042,2.068779468536377,1.7369353771209717,1.10745108127594,1.5700660943984985,1.0518757104873657,1.4731780290603638,1.6353400945663452,1.521834135055542,1.49924898147583,1.5074245929718018,1.316304087638855,0.9498160040256167,0.9382898567304517,0.17371457815170288,1.4610092639923096
tree,177.97300062401058,40.972562978792894,177.92377708391788,111.92185369636907,1.1088876602858762,66.30153537189967,87.8994691174062,1.2797865867614746,0.7202135324478149,2.164226531982422,2.366018056869507,1.8477814197540283,1.5214120149612427,1.5292994976043701,1.5865797996520996,2.0027194023132324,1.9913597106933594,0.49554088711738586,0.6695329546928406,2.213192939758301,0.8276404631060114,1.0428330663994727,0.04934050142765045,1.5676846504211426
tree,177.31634741202464,27.386160400744572,175.21713327075724,120.49971167854513,1.347119843562409,88.59826053176128,94.38666800316471,1.2677726745605469,0.7322272658348083,1.985275149345398,2.3438355922698975,1.482379674911499,1.581183910369873,1.4713150262832642,1.4217725992202759,2.10323166847229,1.92937171459198,0.895612895488739,0.7803859114646912,1.8283337354660034,0.99253521796694,0.8991817401594687,0.24559226632118225,1.4120278358459473
tree,177.75048940023603,38.55596689174387,179.8298258062168,129.7381623035717,1.1453465667314486,95.24521144821632,94.67844664646093,1.273594856262207,0.7264050841331482,1.899219274520874,2.941776752471924,1.9699381589889526,1.7007241249084473,1.8987866640090942,1.2326525449752808,2.6794497966766357,2.4483160972595215,0.8893049359321594,0.8297195434570312,2.4630258083343506,0.9638808667490135,0.7247805814838165,0.27075013518333435,1.2309575080871582
tree,178.9249819010651,38.02129345519273,179.78239411897275,127.09008527104143,0.5688951365682918,84.87337778976547,97.59687798363372,1.1819677352905273,0.8180322051048279,2.602123975753784,3.8929033279418945,2.5655219554901123,1.8715150356292725,2.2807233333587646,1.577767252922058,3.697329044342041,3.3718180656433105,3.230837821960449,3.2407407760620117,2.995293617248535,0.888989641849866,0.8430423372736717,0.3639305531978607,1.5708391666412354
tree,179.5162404359104,13.298948266451854,179.05188037733814,121.7810750887643,0.23984831222536715,73.99337746277848,101.0328522321115,1.0953764915466309,0.9046235680580139,2.2264115810394287,2.452042818069458,1.3441762924194336,1.610310673713684,1.3614059686660767,1.6733903884887695,1.8690621852874756,1.6814720630645752,1.7308214902877808,1.7541474103927612,1.5077344179153442,1.0128172647639604,1.0391717428400764,0.2881581783294678,1.6461093425750732
tree,35.86577257802134,172.17245589455962,128.371965963973,175.36041684795796,87.98649490318998,4.192878441943888,89.09344683247271,1.2694015502929688,0.7305983901023865,1.9244662523269653,2.2328855991363525,1.7088640928268433,1.7108968496322632,1.4200488328933716,1.4834238290786743,2.132941484451294,2.1892311573028564,0.8896318078041077,0.8777697682380676,2.075918436050415,0.8309894320237385,0.86704406659785,1.403080940246582,0.28744927048683167
tree,179.5235767688442,16.955632670128917,178.7717177109314,112.96567721925808,0.2571706479830235,77.32097385524993,97.76728650776211,1.1535542011260986,0.8464459180831909,2.2580626010894775,1.892773151397705,1.2764486074447632,1.6886831521987915,1.0823549032211304,1.7260717153549194,1.9095546007156372,1.7932560443878174,1.724524736404419,1.6845043897628784,1.4056124687194824,0.8479417416154974,1.022140056864658,0.24322670698165894,1.7237064838409424
tree,26.73151576413683,176.0303932200233,100.02669870607693,178.65811986249884,69.129587373386,2.0887224357047884,87.08719571107643,1.2619943618774414,0.7380057573318481,1.9962835311889648,1.9917010068893433,1.333968162536621,1.3315638303756714,1.4201743602752686,1.19894278049469,1.5572905540466309,1.7205532789230347,0.6823769807815552,0.6509979963302612,1.5663783550262451,1.0646230813722284,0.9004013572185103,1.399314522743225,0.19032296538352966
tree,174.249940556417,25.559725316750583,174.76853113414225,113.04876579244781,2.969265563606922,65.75052215622284,96.02311773893139,1.161487340927124,0.8385127186775208,2.3571290969848633,1.8966633081436157,1.3453019857406616,1.6442712545394897,1.2600162029266357,1.8029206991195679,1.8931859731674194,1.8183332681655884,1.7650716304779053,1.7748173475265503,1.6517767906188965,0.9366040336504041,1.0964855084929417,0.24813443422317505,1.7995198965072632
tree,179.3703711924426,31.803838286041746,177.13966629739605,133.93604460651244,0.31959391287887345,101.33219663484002,90.94200117581086,1.2612202167510986,0.738779604434967,2.1114532947540283,3.5340685844421387,2.2681663036346436,1.9592032432556152,2.1864795684814453,1.4581209421157837,2.9410030841827393,2.814081907272339,0.9526522159576416,0.940406322479248,2.748774290084839,0.9639851368008449,0.7442414169606023,0.14798125624656677,1.3973944187164307
tree,25.86218137561756,177.9954282143352,118.34582185214047,178.91971602271806,98.16118029607632,1.011430656280905,88.01614727562685,1.1610780954360962,0.838921844959259,2.0986175537109375,2.116791248321533,1.5556339025497437,1.334538221359253,1.3025153875350952,1.3100855350494385,1.64994215965271,1.77279794216156,1.7682979106903076,1.7624932527542114,1.6637643575668335,0.8372886114860395,0.9816763075086636,1.294988989830017,0.18634161353111267
tree,179.97202354488172,20.54309438295758,175.29567938157933,110.13886926185084,0.019782341029446364,80.12644270866042,92.53107861458784,1.1715821027755737,0.8284178376197815,2.643155574798584,2.0771021842956543,1.3555796146392822,1.988165020942688,1.3519200086593628,1.9831658601760864,1.8113220930099487,1.7976471185684204,1.8817192316055298,1.9329845905303955,1.6973899602890015,0.9972996028857395,0.9974850386165283,0.07602283358573914,1.981221318244934
tree,28.555279375081938,173.8238738278015,113.78038863160782,174.74371994145469,74.06483360314814,3.3406439620432336,88.99047685365242,1.2816460132598877,0.7183541655540466,1.7499868869781494,1.5255959033966064,1.3517796993255615,1.1495592594146729,1.371836543083191,0.9758365154266357,1.4061579704284668,1.4684524536132812,0.7215185165405273,0.6975389719009399,1.3592920303344727,1.0148366105298263,0.848878088325276,1.3648380041122437,0.2196190059185028
tree,66.48004461663936,140.8114831885644,113.91347644867129,161.0910254498294,66.34209405913892,22.18410309945954,94.65269563898052,1.3473809957504272,0.6526190638542175,2.251556396484375,2.288837432861328,2.6726906299591064,2.791486978530884,2.1401984691619873,2.162058115005493,3.427184820175171,3.509284496307373,3.416811227798462,3.3227813243865967,3.670112371444702,0.8007652080665713,0.7745181536276399,1.8171381950378418,0.7057216167449951
tree,177.28934992086596,34.706515310454755,175.92681399440482,140.90177507727495,1.415683328277124,98.78766422944047,87.54584768553414,1.2834504842758179,0.7165494561195374,2.1647746562957764,4.220789432525635,2.7364766597747803,1.9582535028457642,2.503268003463745,1.4374778270721436,3.6149020195007324,3.5933549404144287,0.6680179834365845,0.6515278816223145,3.170022964477539,0.914777430951061,0.7340607796296037,0.03075423836708069,1.3212653398513794
tree,34.310928233218135,177.76839685873566,143.72165591397916,178.84005329633644,103.71726335955537,1.1673459400284378,87.61614022008052,1.1808791160583496,0.8191208839416504,2.239182472229004,4.300138473510742,2.3039755821228027,2.774876356124878,1.5860562324523926,2.530402421951294,3.640810966491699,4.003674507141113,3.415388584136963,3.469264030456543,3.3089444637298584,0.6883994589003402,0.911897030824096,1.4869617223739624,0.28586655855178833
tree,3.120920769153535,32.91206224533356,178.9385373298105,114.32128785315359,175.7501953267069,81.51030339704087,89.11872701299853,1.2120922803878784,0.7879077792167664,2.6607985496520996,0.9585997462272644,2.235732078552246,1.8083784580230713,0.5943679213523865,1.6648112535476685,3.383272647857666,3.252202033996582,2.297929525375366,2.2488644123077393,1.313612699508667,0.26584923175948655,0.9206094695234195,0.008032500743865967,1.6610652208328247
tree,37.02185017570318,179.5454352207536,135.84211834233423,178.65607977199164,97.12083978343843,0.23490244801451995,85.12172405675813,1.2626402378082275,0.7373597621917725,2.1734395027160645,4.0524702072143555,1.9216811656951904,2.603337287902832,1.3897321224212646,2.4220480918884277,2.881415843963623,3.1710782051086426,1.1161906719207764,1.1775219440460205,3.0878188610076904,0.7231852109729672,0.9303624131920073,1.3712384700775146,0.3370801508426666
tree,179.67979442197992,29.358896249709208,179.10387047350108,139.53533837851384,0.17245851507387558,106.38013441898167,94.6145467213236,1.2731062173843384,0.7268937826156616,2.0791053771972656,4.152040958404541,2.661799430847168,1.9246388673782349,2.291046619415283,1.4000855684280396,3.520528554916382,3.245893955230713,0.889042317867279,0.9046831727027893,2.958723783493042,0.8607131447063875,0.7274532717309089,0.31824275851249695,1.3111021518707275
tree,169.92051696509571,32.78263681548165,157.57570341621204,120.47815648076033,6.301451502480064,90.1901375409341,98.1383734370495,1.4850177764892578,0.5149823427200317,6.461234092712402,4.954041957855225,4.670966148376465,5.455801010131836,2.8041982650756836,4.577055931091309,5.745337009429932,5.327992916107178,4.291271686553955,4.298834800720215,5.182411193847656,0.6003463899441825,0.8389336567916816,0.03830999135971069,4.559206485748291
tree,38.194156055667115,177.42017695642303,127.48155698321123,178.7329774062157,88.66137448134097,1.3744430350852064,90.14707237428935,1.2769775390625,0.7230224013328552,2.296377658843994,3.6760787963867188,1.7674493789672852,2.459848403930664,1.4146113395690918,2.1571924686431885,2.874316453933716,3.033917188644409,0.5785597562789917,0.648057222366333,2.8453261852264404,0.8003683477641076,0.8769611933137649,1.4088960886001587,0.24724695086479187
tree,28.251978251584482,179.9557653398252,138.74805332834734,178.97035378177225,107.57826276002648,0.027976455118293345,85.78450959849462,1.0911115407943726,0.9088883996009827,2.74546217918396,5.171563625335693,2.3811302185058594,3.1360087394714355,1.7404078245162964,2.9149975776672363,3.9487557411193848,4.309446811676025,4.143060207366943,4.106979846954346,3.612887144088745,0.7309163858715809,0.9295244019741309,1.656129002571106,0.34417223930358887
tree,178.41686788364044,20.49478848442511,179.3800801475383,109.0050612161698,0.8251939969629914,79.77911876937873,90.35490269414079,1.1676316261291504,0.8323681950569153,2.5428409576416016,2.0853967666625977,1.433056116104126,1.9470901489257812,1.3165656328201294,1.9467644691467285,1.6947731971740723,1.7223498821258545,1.8035677671432495,1.6849660873413086,1.706464409828186,0.9187112069889528,0.9998322216300799,0.08817754685878754,1.942590594291687
tree,175.58154792628605,31.37958967578753,170.12255153563282,104.83834401205702,2.275290722463458,85.49985079967175,98.11002912732422,1.3981597423553467,0.6018402576446533,2.2500224113464355,2.056072473526001,1.4804266691207886,1.77113938331604,1.3944151401519775,1.5846704244613647,2.0304646492004395,1.8317211866378784,1.7456305027008057,1.6944773197174072,1.898879885673523,0.941900215212883,0.8947175725813702,0.11963953077793121,1.5481759309768677
tree,178.99380656970925,85.3347820651482,175.53967790249055,138.93137336698888,0.5308178072784638,52.86345331560507,90.2649750242452,1.2552900314331055,0.7447101473808289,2.2128746509552,2.5255677700042725,2.6091668605804443,2.0801517963409424,2.3369665145874023,1.7392598390579224,3.147261619567871,3.0233309268951416,1.3712748289108276,1.2396849393844604,3.769428014755249,0.8956750349007874,0.8361211936533403,0.018858790397644043,1.4792333841323853
tree,174.69562664692612,45.906240422122124,175.0640584150418,118.75841620550779,2.896243063396122,68.38773022838167,93.47264466963851,1.2009475231170654,0.799052357673645,2.052424192428589,1.2327728271484375,1.283577799797058,1.5551772117614746,1.0673325061798096,1.5246473550796509,1.68905770778656,1.6100929975509644,1.6029987335205078,1.5450210571289062,1.7597050666809082,0.8315286185379204,0.9803682584729355,0.19700652360916138,1.4825832843780518
tree,179.16960555491133,29.335748146811465,179.5118113903369,139.08060611023257,0.44718706672618347,106.93746824510964,95.13944879683797,1.2736175060272217,0.7263824939727783,2.0712978839874268,4.1090989112854,2.654604911804199,1.926332950592041,2.273115634918213,1.3918966054916382,3.52500581741333,3.250739812850952,0.9227184653282166,0.9053047299385071,2.9489002227783203,0.8562911823598301,0.7225624638260939,0.3312588334083557,1.3116655349731445
tree,179.30620224319793,17.381559614253707,179.38898210797487,113.87779534455164,0.36637470537647665,76.81251584312099,98.09440570607529,1.1602658033370972,0.8397343158721924,2.281430721282959,1.9429668188095093,1.2817726135253906,1.7066887617111206,1.1479840278625488,1.7482210397720337,1.9391632080078125,1.8297004699707031,1.7708135843276978,1.7338508367538452,1.449675440788269,0.8956215167397098,1.024334403939515,0.25377172231674194,1.7453711032867432
tree,16.546995729424,176.66322626607018,107.50039872279278,178.451234324256,78.24488677657418,1.8509719568847585,84.06741906661958,1.1587727069854736,0.8412272334098816,2.1948182582855225,1.4600332975387573,1.6266121864318848,1.040640950202942,1.65565025806427,0.8353902697563171,1.1991446018218994,1.3289493322372437,1.1240289211273193,1.216963291168213,1.1487398147583008,1.0178512456892599,0.8027643605885797,1.654097557067871,0.2518557906150818
tree,28.14848204873887,178.065280097531,127.47907386471103,179.90934591580344,101.53797872246574,0.9002687998951054,91.5005377559569,1.1018128395080566,0.8981872200965881,2.9541988372802734,5.697997570037842,1.862268090248108,2.8066015243530273,1.462666392326355,3.2242164611816406,4.344900608062744,4.85249137878418,4.142029762268066,4.117151260375977,3.46315598487854,0.7854216127979043,1.1487969647304728,1.4231626987457275,0.06158444285392761
tree,179.78878227826846,39.868660301202866,176.1904398633586,120.09949882559094,0.11190583714844751,88.67041412579569,92.20941046751365,1.4684057235717773,0.5315942764282227,5.6664042472839355,8.503145217895508,5.942011833190918,4.559697151184082,5.242356300354004,3.5674803256988525,8.580679893493652,8.335638046264648,7.455972671508789,7.478810787200928,7.048542499542236,0.8822526048868878,0.7823939671911032,0.16953641176223755,3.52698016166687
tree,28.251978251584482,179.9557653398252,138.74805332834734,178.97035378177225,107.57826276002648,0.027976455118293345,85.78450959849462,1.0911115407943726,0.9088883996009827,2.74546217918396,5.171563625335693,2.3811302185058594,3.1360087394714355,1.7404078245162964,2.9149975776672363,3.9487557411193848,4.309446811676025,4.143060207366943,4.106979846954346,3.612887144088745,0.7309163858715809,0.9295244019741309,1.656129002571106,0.34417223930358887
tree,178.1283149498043,64.25476945753736,175.52245309532958,121.63964054589711,1.0258382400366708,53.252928331225554,91.97699257913244,1.2568020820617676,0.7431979179382324,2.4517252445220947,2.5499730110168457,2.2961223125457764,1.602666974067688,1.8944556713104248,1.7740063667297363,2.930030107498169,2.791764974594116,0.9787327647209167,0.9811844825744629,2.9876463413238525,0.8250670427669621,1.1069082276768651,0.023448437452316284,1.5476845502853394
tree,177.65631793472878,19.550363910450724,170.4461961323031,116.77685315503714,1.203822695059268,70.87362388270776,99.84008993608661,1.2123887538909912,0.7876113057136536,2.173130989074707,1.865987777709961,1.2190042734146118,1.6142151355743408,1.1544359922409058,1.7084821462631226,1.6625206470489502,1.560469627380371,1.6168643236160278,1.6001360416412354,1.4353424310684204,0.9470311715774306,1.0583973909139757,0.1961042433977127,1.7019625902175903
tree,173.42830363320166,25.13680939873689,174.8972692747085,112.62551121138785,3.39811146460061,66.0722875813119,95.88268971268454,1.1602907180786133,0.839709460735321,2.36539626121521,1.8954222202301025,1.340604543685913,1.6440837383270264,1.2521470785140991,1.798264503479004,1.8988858461380005,1.8223530054092407,1.769451379776001,1.7793940305709839,1.638305425643921,0.9340160380594856,1.0937784784188598,0.2628445327281952,1.795047640800476
tree,156.05894763674004,21.153003449621448,163.74005923179675,110.96222250107138,11.783382210611986,109.24011891240754,96.95590381058838,1.2721951007843018,0.727804958820343,4.0645904541015625,3.5226542949676514,2.2910122871398926,3.0775108337402344,2.362701654434204,2.482541561126709,3.4190287590026855,3.3014044761657715,3.270416498184204,3.396204948425293,2.8497090339660645,1.0312911180815574,0.8066716539996429,0.7743673324584961,2.4801955223083496
tree,116.57535850649376,177.705948067316,149.34446310662213,177.48510541066227,35.773818400160835,1.2767156151299732,95.53101697465074,1.226884126663208,0.7731157541275024,1.6988623142242432,1.586242914199829,2.228320360183716,2.7447688579559326,1.7689793109893799,2.1873340606689453,3.698718309402466,3.633397102355957,3.3289506435394287,3.3233368396759033,4.165401458740234,0.793861847127622,0.7969098226318627,1.1787739992141724,0.06721791625022888
tree,30.953247586377223,176.0901888100214,118.6629982803668,179.2448893401899,78.862942626047,2.0634580362736865,86.78742292244216,1.1396050453186035,0.8603947758674622,2.4000933170318604,2.640681266784668,1.7191582918167114,1.799297571182251,1.6484012603759766,1.6102604866027832,2.368642568588257,2.5443480014801025,2.3114845752716064,2.2995407581329346,2.1366779804229736,0.9588414920144127,0.8949379010203637,1.6473393440246582,0.30961695313453674
tree,95.36931914935529,167.675662259402,128.0974041994032,173.082189065604,42.85950561507239,6.353694603196179,92.44207882266959,1.3050119876861572,0.6949878931045532,1.8368258476257324,1.6745414733886719,1.9693793058395386,2.324167490005493,1.928713083267212,2.1845920085906982,2.7857887744903564,2.8028430938720703,1.547611951828003,1.5634000301361084,3.681108236312866,0.9793502441088999,0.9399456269995016,1.2775816917419434,0.06000938639044762
tree,178.504852275713,32.15220054791177,178.1731865114838,137.28219679537222,0.7545922103302524,87.32792145062307,91.68168214150639,1.2403063774108887,0.7596936225891113,1.9436246156692505,2.892338991165161,1.9629461765289307,2.071972370147705,1.9272140264511108,1.805670142173767,2.740180730819702,2.676509141921997,2.3277769088745117,2.2861006259918213,2.4498846530914307,0.9817961733738518,0.8714736242218432,0.21417731046676636,1.7113662958145142
tree,27.34280762169855,179.85872579230335,109.89388121458718,179.36480182889747,75.12840698761359,0.07661668268387072,91.14694358293008,1.196221113204956,0.803778886795044,2.3034138679504395,2.138589382171631,1.6262677907943726,1.4546689987182617,1.642927646636963,1.2965260744094849,1.9879190921783447,2.0776898860931396,2.0933492183685303,2.058039665222168,1.7471497058868408,1.0102436054463377,0.891285360632913,1.6428593397140503,0.08150181174278259
tree,178.81320319208908,28.10917760480614,179.87488546555693,117.31299007420654,0.6154849658305737,85.13379607679498,100.75362934487976,1.1896419525146484,0.8103580474853516,2.198495864868164,2.5403101444244385,1.6461005210876465,1.5944381952285767,1.5286178588867188,1.4703328609466553,2.3424150943756104,2.046881914138794,2.146153688430786,2.1690733432769775,1.9562722444534302,0.9286291515463144,0.92216301841217,0.37295445799827576,1.460942029953003
tree,31.93189414416143,179.59265581101673,111.59339738677106,177.9111838661273,87.74827288049453,0.2323900466696225,87.57405528408971,1.2952897548675537,0.7047103047370911,2.0473716259002686,2.24621844291687,1.509069561958313,1.6729364395141602,1.312097191810608,1.2699079513549805,1.8200032711029053,1.9661918878555298,0.8270800709724426,0.9317905902862549,1.8679108619689941,0.8694737177219244,0.7590887270260244,1.309859275817871,0.190811425447464
tree,179.6878395393324,42.79774525419241,179.68163294284642,128.46283265019895,0.16192549306284887,81.07787746237167,98.3915294592919,1.1675400733947754,0.8324598670005798,2.5831685066223145,3.7801175117492676,2.531559944152832,1.9224730730056763,2.383795976638794,1.6156818866729736,3.7347753047943115,3.4145214557647705,3.3232383728027344,3.3253703117370605,3.1115622520446777,0.9416308867241248,0.8404180370281661,0.42788612842559814,1.5916030406951904
tree,36.3402852789079,178.71138449847865,114.58517679928285,177.9158739325223,82.40436964793594,0.6746368327975779,89.10194099005993,1.289963960647583,0.7100359797477722,2.4620449542999268,3.474353790283203,1.6181713342666626,2.244751453399658,1.4313257932662964,2.04542875289917,2.551314353942871,2.724325656890869,1.0183840990066528,1.0977888107299805,2.6253814697265625,0.8845323597223389,0.9112045962134424,1.4236453771591187,0.22762265801429749
tree,25.763901596420077,173.87314457682436,108.92342869558804,175.93369511890054,73.97092581224507,3.257864256163356,89.66956360092678,1.2731467485427856,0.7268531918525696,1.74335777759552,1.3499598503112793,1.3154053688049316,1.0015084743499756,1.3489079475402832,0.8820337057113647,1.2577272653579712,1.3107194900512695,0.6973593235015869,0.6639097929000854,1.2016781568527222,1.0254686152734598,0.8807043051528236,1.3429057598114014,0.22013771533966064
tree,177.75048940023603,38.55596689174387,179.8298258062168,129.7381623035717,1.1453465667314486,95.24521144821632,94.67844664646093,1.273594856262207,0.7264050841331482,1.899219274520874,2.941776752471924,1.9699381589889526,1.7007241249084473,1.8987866640090942,1.2326525449752808,2.6794497966766357,2.4483160972595215,0.8893049359321594,0.8297195434570312,2.4630258083343506,0.9638808667490135,0.7247805814838165,0.27075013518333435,1.2309575080871582
tree,176.317139508538,43.88847221463438,175.48603020255965,136.89413136147854,1.9435005195690225,88.69324004198603,90.56943436822532,1.2554831504821777,0.744516909122467,2.406461000442505,4.169636249542236,2.7598509788513184,1.8794810771942139,2.4699926376342773,1.384246587753296,3.487051486968994,3.2585082054138184,0.8917844295501709,0.9521676301956177,3.2559988498687744,0.8949728668645179,0.7365042766567742,0.18112505972385406,1.3732792139053345
tree,20.06281207393043,174.74289988241372,103.5972329680382,178.48573434965152,79.21131302714812,2.7941429801886066,93.00866943059528,1.1900005340576172,0.8099995255470276,2.2418930530548096,1.7669968605041504,1.5873303413391113,1.1690949201583862,1.5947705507278442,1.0307438373565674,1.6107642650604248,1.6754075288772583,1.4657119512557983,1.5402135848999023,1.359890103340149,1.0046866140641166,0.8816589123131358,1.5918484926223755,0.18642525374889374
tree,179.78878227826846,39.868660301202866,176.1904398633586,120.09949882559094,0.11190583714844751,88.67041412579569,92.20941046751365,1.4684057235717773,0.5315942764282227,5.6664042472839355,8.503145217895508,5.942011833190918,4.559697151184082,5.242356300354004,3.5674803256988525,8.580679893493652,8.335638046264648,7.455972671508789,7.478810787200928,7.048542499542236,0.8822526048868878,0.7823939671911032,0.16953641176223755,3.52698016166687
tree,176.69275232116405,8.607655954008509,174.17371538294276,105.32671838482241,2.3872873604896903,129.5324548367007,97.11223390604225,1.35092294216156,0.6490771770477295,3.1755475997924805,2.273127794265747,1.9040660858154297,2.686164617538452,0.7338754534721375,2.3241167068481445,2.6805620193481445,2.5319886207580566,2.7259387969970703,3.2931697368621826,1.5625723600387573,0.3854252084599479,0.8652172046554293,0.15265823900699615,2.3044588565826416
tree,171.6211690306509,25.92866442178514,169.48112745888037,121.62639209836921,4.317744166056112,79.97895332072962,92.89029960044468,1.2950003147125244,0.7049996256828308,1.8921188116073608,2.2378993034362793,1.4360462427139282,1.4168035984039307,1.35084867477417,1.3836560249328613,1.9179985523223877,1.8459110260009766,0.5798538327217102,0.6203681230545044,1.6755574941635132,0.9406714727722015,0.9766032849495181,0.22466406226158142,1.3535290956497192
tree,39.38951285384451,175.04037981609505,133.17835215308799,175.66067262910965,91.13174469207425,2.6446387714935162,94.37344207470409,1.3099547624588013,0.6900452971458435,2.419867992401123,4.172532558441162,1.9498353004455566,2.8093810081481934,1.4824856519699097,2.45939040184021,3.303116798400879,3.341726779937744,1.4890731573104858,1.414166808128357,3.24061918258667,0.7603128794100035,0.8754204286590841,1.4406983852386475,0.07112517952919006
tree,174.23299038310756,21.756639156977233,174.57895258904358,109.37734505242283,3.229133267178386,80.33814671466907,100.11337253895734,1.286073088645935,0.7139269113540649,1.8057522773742676,1.5045832395553589,1.0620635747909546,1.3406763076782227,0.8348789811134338,1.3297786712646484,1.5496857166290283,1.3166776895523071,0.6830501556396484,0.6292332410812378,1.185150384902954,0.7860906021441894,0.9918707981770436,0.13332736492156982,1.3297483921051025
tree,28.449705611060754,179.29862863207515,110.39688281160596,178.64505858205354,73.51201092943866,0.37742369258806074,90.18882527103948,1.2025232315063477,0.7974766492843628,2.3213517665863037,2.177790403366089,1.6328277587890625,1.5286533832550049,1.66587495803833,1.313323974609375,1.9869529008865356,2.08351731300354,2.1180975437164307,2.0696945190429688,1.8092716932296753,1.0202386190660773,0.8591372837415865,1.6649389266967773,0.11045104265213013
tree,175.7712156556016,142.25389507824752,175.80068065102049,162.55781655835708,2.270813246405888,20.775754274337057,92.78729489921668,1.2619435787200928,0.7380563020706177,1.362466812133789,0.8044440746307373,2.7156503200531006,2.5359139442443848,2.3412795066833496,2.0866920948028564,3.744966506958008,3.6198880672454834,0.9080634713172913,0.7597488760948181,4.709663391113281,0.8621429008189347,0.8228557111266279,0.27873772382736206,0.7707536220550537
tree,25.86218137561756,177.9954282143352,118.34582185214047,178.91971602271806,98.16118029607632,1.011430656280905,88.01614727562685,1.1610780954360962,0.838921844959259,2.0986175537109375,2.116791248321533,1.5556339025497437,1.334538221359253,1.3025153875350952,1.3100855350494385,1.64994215965271,1.77279794216156,1.7682979106903076,1.7624932527542114,1.6637643575668335,0.8372886114860395,0.9816763075086636,1.294988989830017,0.18634161353111267
tree,41.20202949271467,174.10767891580244,141.66115512704613,176.66199434365998,100.28696608515764,3.222214332720257,89.30330729509444,1.2946417331695557,0.7053583264350891,2.206449031829834,3.7805049419403076,2.4241602420806885,2.8887879848480225,1.5340992212295532,2.394052505493164,3.592355489730835,3.736745834350586,1.3592954874038696,1.3788894414901733,3.4419124126434326,0.6328371209799626,0.8287391422669502,1.484820008277893,0.3275724947452545
tree,178.02602519458983,25.76804970996211,173.28542372495804,126.70230787966226,1.0127840352339221,59.68230549049361,94.1302465480008,1.3349649906158447,0.6650350093841553,1.3380794525146484,1.602270483970642,1.0297085046768188,1.2537775039672852,0.9763919115066528,1.4478330612182617,1.4391895532608032,1.3756431341171265,0.6916411519050598,0.6029434204101562,1.1805121898651123,0.9482207429104968,1.154775789054396,0.21618437767028809,1.3531314134597778
tree,178.9249819010651,38.02129345519273,179.78239411897275,127.09008527104143,0.5688951365682918,84.87337778976547,97.59687798363372,1.1819677352905273,0.8180322051048279,2.602123975753784,3.8929033279418945,2.5655219554901123,1.8715150356292725,2.2807233333587646,1.577767252922058,3.697329044342041,3.3718180656433105,3.230837821960449,3.2407407760620117,2.995293617248535,0.888989641849866,0.8430423372736717,0.3639305531978607,1.5708391666412354
tree,20.316641351195216,179.67614869054734,114.03084637076277,175.03623383126347,90.92519114347265,0.1747129721695325,93.6058031874293,1.1549233198165894,0.8450765609741211,2.087609052658081,1.7983808517456055,1.6238685846328735,1.2460745573043823,1.5137394666671753,1.0536998510360718,1.6235716342926025,1.61502206325531,1.48117196559906,1.4775665998458862,1.4195858240127563,0.932180441700559,0.8456147340820375,1.4761329889297485,0.13189080357551575
tree,179.2933477077857,28.618244180505283,177.8064334726046,145.85738279971287,0.3706226847154756,113.27396549679084,88.4716641658952,1.2766444683074951,0.7233553528785706,1.8936388492584229,4.189323902130127,2.706660032272339,2.086099863052368,2.442376136779785,1.4014641046524048,3.3768868446350098,3.3065974712371826,1.0389281511306763,1.1179628372192383,3.109968662261963,0.9023575939722762,0.671810327810225,0.014125853776931763,1.1669188737869263
tree,177.8039366268732,46.04198439321024,176.80156877169043,115.13005521432675,1.1260487085492497,60.01301831948438,91.50516366095749,1.142960786819458,0.8570390939712524,2.292097806930542,2.51338791847229,1.8800755739212036,1.4886094331741333,1.7869256734848022,1.6516385078430176,2.412492275238037,2.321702480316162,2.1561782360076904,2.2170395851135254,2.4285738468170166,0.950453666766285,1.1095169501944595,0.18448132276535034,1.5629186630249023
tree,172.574157879576,11.547377291723746,178.14006263921436,102.30932201211475,3.9042478156292413,70.99319599216108,94.12006473361956,1.2038161754608154,0.7961838841438293,1.9643515348434448,1.3922467231750488,0.8424198627471924,1.4113571643829346,0.7599939107894897,1.480108618736267,1.2695975303649902,1.1887401342391968,1.2772843837738037,1.1772170066833496,0.9231438040733337,0.9021546644881245,1.048712266020292,0.10211167484521866,1.4707731008529663
tree,21.39152358564476,171.27705843139373,108.23836084791458,177.21969239130777,79.64348962568577,4.383694860260366,87.65876518609437,1.1803293228149414,0.819670557975769,2.2630603313446045,1.7059053182601929,1.6076596975326538,1.0981789827346802,1.6040679216384888,1.0870729684829712,1.5506880283355713,1.6813762187957764,1.5139970779418945,1.474713921546936,1.3707995414733887,0.9977652150732559,0.9898859800521493,1.6036896705627441,0.27212148904800415
tree,179.2933477077857,28.618244180505283,177.8064334726046,145.85738279971287,0.3706226847154756,113.27396549679084,88.4716641658952,1.2766444683074951,0.7233553528785706,1.8936388492584229,4.189323902130127,2.706660032272339,2.086099863052368,2.442376136779785,1.4014641046524048,3.3768868446350098,3.3065974712371826,1.0389281511306763,1.1179628372192383,3.109968662261963,0.9023575939722762,0.671810327810225,0.014125853776931763,1.1669188737869263
tree,169.5288243819559,20.763918469377817,177.66309217446093,104.1536359249302,5.48940829216724,84.80231985351003,95.21199045469548,1.2961788177490234,0.7038213014602661,1.7556912899017334,1.5008420944213867,1.0200258493423462,1.3646034002304077,0.9259482026100159,1.3199787139892578,1.3187798261642456,1.2151130437850952,0.6310495138168335,0.6451748013496399,1.2021654844284058,0.9077684604155404,0.9672977118983238,0.08496470004320145,1.3190430402755737
tree,177.54209948471475,32.308597250340185,174.26748769662396,111.30010682708388,1.2725705021552605,65.52028378519806,97.48819425971556,1.2640070915222168,0.7359927892684937,2.1005301475524902,1.820965051651001,1.3726589679718018,1.5649241209030151,1.2784397602081299,1.7034658193588257,1.7641674280166626,1.5890051126480103,1.2396103143692017,1.2606936693191528,1.7479345798492432,0.9313593971106416,1.0885286437065231,0.2798606753349304,1.6818941831588745
tree,171.29427951027225,24.453873196844228,170.1338060665738,116.01590288577849,4.719453496050844,75.66522765728716,98.65371079155726,1.211876392364502,0.7881234288215637,2.3882970809936523,2.018555164337158,1.4475737810134888,1.7136480808258057,1.2230416536331177,1.7412029504776,2.012289047241211,1.8633304834365845,1.835611343383789,1.755238652229309,1.6761540174484253,0.8448901360224244,1.016079061903687,0.2823852300643921,1.7410475015640259
tree,177.87735235037127,34.185703764270315,177.26856009957754,130.43963834666727,1.1222190692396459,40.40721661717402,95.14607022072767,1.2423737049102783,0.7576261758804321,1.3867583274841309,1.7259807586669922,1.1287965774536133,1.0570619106292725,1.0066992044448853,1.5721213817596436,1.7470695972442627,1.6596906185150146,1.6755833625793457,1.6169406175613403,1.2957038879394531,0.891833243224917,1.4872543213381269,0.21676886081695557,1.5509037971496582
tree,168.82489705575028,50.421616882797345,177.90856202095912,126.22623523638008,6.162620606584128,74.12026242625794,102.25470013101715,1.1920052766799927,0.8079947829246521,1.8348866701126099,1.6021279096603394,1.5422272682189941,1.570419192314148,1.2552134990692139,1.3448970317840576,1.9779223203659058,1.7495691776275635,1.3804012537002563,1.537482500076294,2.0150225162506104,0.8138960521834862,0.8563931095423813,0.1823178082704544,1.2589771747589111
tree,22.30403425680073,171.60679132578358,106.6770877918482,179.15327112756523,77.90399266575908,4.224521391027339,87.25699251709095,1.1888432502746582,0.8111565709114075,2.0591180324554443,1.585409164428711,1.406430959701538,1.0165637731552124,1.4155977964401245,1.00316321849823,1.5020923614501953,1.6553077697753906,1.3757543563842773,1.377190113067627,1.2618145942687988,1.006517085078564,0.9868168217010053,1.4153550863265991,0.29193827509880066
tree,27.56997541623968,179.73093082598135,122.72365668074954,171.8753936246271,93.64109094997697,0.13988230894202303,90.81343127945424,1.2579435110092163,0.7420565485954285,1.9213670492172241,2.8454744815826416,1.940570592880249,1.9062727689743042,1.663057565689087,1.7604451179504395,2.3345065116882324,2.483456611633301,2.588075637817383,2.5393552780151367,2.255601406097412,0.8569936671188367,0.9235006779208164,1.6233444213867188,0.41880178451538086
tree,172.37182301071127,25.938050895430788,169.90713966379906,120.77419724181007,3.945261085289755,78.92921870526189,92.69927780129025,1.3047254085540771,0.6952744126319885,1.9005439281463623,2.272306203842163,1.454629898071289,1.4307693243026733,1.3580214977264404,1.4090932607650757,1.952438235282898,1.8664010763168335,0.5934950113296509,0.6337289214134216,1.691711187362671,0.9335849386446115,0.9848493757737374,0.21710394322872162,1.3807148933410645
tree,158.4304960712035,59.936159279757874,165.2969719927712,114.23494019333184,11.436799120183581,65.10394681380376,32.110043258274395,1.2999343872070312,0.7000657320022583,9.973037719726562,9.03995132446289,9.543978691101074,9.870613098144531,8.467812538146973,8.909501075744629,11.640007972717285,12.632641792297363,4.232791900634766,8.35778522491455,13.480010986328125,0.8872412570243069,0.9026288523851246,6.2549028396606445,1.0439119338989258
tree,20.316641351195216,179.67614869054734,114.03084637076277,175.03623383126347,90.92519114347265,0.1747129721695325,93.6058031874293,1.1549233198165894,0.8450765609741211,2.087609052658081,1.7983808517456055,1.6238685846328735,1.2460745573043823,1.5137394666671753,1.0536998510360718,1.6235716342926025,1.61502206325531,1.48117196559906,1.4775665998458862,1.4195858240127563,0.932180441700559,0.8456147340820375,1.4761329889297485,0.13189080357551575
tree,175.70408403427268,57.01970128112426,173.4922624900279,138.96932505770783,2.2255433584513877,77.0335256039408,92.19636625259825,1.2653924226760864,0.7346075773239136,2.2388789653778076,3.633542776107788,2.4803948402404785,1.6529418230056763,2.30777907371521,1.219043493270874,3.703634262084961,3.4347472190856934,0.8725979924201965,0.8530073761940002,3.0962226390838623,0.9304075729668482,0.7374988876228588,0.17508633434772491,1.213354229927063
tree,43.36508264966223,178.0434524221851,124.34201926305084,177.49368128415267,80.02625950216105,0.9928810001199786,90.34813641140343,1.170029640197754,0.8299704194068909,2.7266809940338135,4.217792987823486,1.9922382831573486,2.6974964141845703,1.6889057159423828,2.6188266277313232,3.2744202613830566,3.5656909942626953,3.5579781532287598,3.5580391883850098,3.3452534675598145,0.8477424023412311,0.9708356397156997,1.6819262504577637,0.15451884269714355
tree,16.688978310243158,168.9551255303454,116.54381983570681,178.34400562437196,80.43798847865895,5.826923780985374,90.1681593801144,1.1237456798553467,0.8762543201446533,2.1527504920959473,1.8845798969268799,1.569039225578308,1.1977927684783936,1.5788522958755493,1.0729925632476807,1.7156639099121094,1.7775849103927612,1.6905368566513062,1.7284775972366333,1.3247638940811157,1.0062535492317444,0.8958074348731561,1.530611276626587,0.3058967888355255
tree,168.99450152133642,25.13728373433378,167.93894141627973,98.40842924151596,5.184213027070173,53.990514781147795,94.49996675196023,1.3055217266082764,0.6944783329963684,1.816914439201355,1.3627465963363647,0.8765767812728882,1.155167818069458,0.9839383959770203,1.4024049043655396,1.4001705646514893,1.2798718214035034,0.6638999581336975,0.6866226196289062,1.1765083074569702,1.1224769974756061,1.2140259349358717,0.27071911096572876,1.3903956413269043
tree,23.238798981579738,175.17476484699287,107.1622402319964,173.39187982384314,87.416797547364,2.353266335061672,88.47623235986835,1.1563135385513306,0.8436863422393799,2.318704605102539,2.208387613296509,1.7492547035217285,1.3502477407455444,1.638473391532898,1.4183132648468018,1.7392128705978394,1.903618335723877,1.8494881391525269,1.851450800895691,1.723565697669983,0.9366688862206963,1.0504088780439635,1.6371846199035645,0.20163121819496155
tree,40.40375512068914,177.022702059585,134.63835224148664,179.09021781029855,91.05818271008977,1.648295083062737,88.71568576735031,1.252309799194336,0.7476901412010193,2.0057969093322754,3.0702803134918213,1.7853890657424927,2.283770799636841,1.338191270828247,1.8421456813812256,2.810112714767456,2.9413397312164307,1.124230980873108,1.0716546773910522,2.627897024154663,0.7495231974821881,0.8066242352559737,1.3246018886566162,0.2672128975391388
tree,178.28091952584685,45.3976278674093,177.17721049711616,114.03000692686626,0.8584339879481057,61.07013409391632,91.4989335043282,1.1532812118530273,0.8467188477516174,2.312225580215454,2.598259449005127,1.8706016540527344,1.5085424184799194,1.876043438911438,1.6529254913330078,2.405104160308838,2.3124639987945557,2.1887996196746826,2.260589599609375,2.466381311416626,1.0029085732594873,1.095709590512532,0.20520590245723724,1.5624768733978271
tree,176.3692386544209,28.90085834969437,177.99396426809753,107.41686808272236,1.919996341382759,72.41510972970545,93.06213155753629,1.164783000946045,0.8352168798446655,2.3119447231292725,1.6281020641326904,1.272571325302124,1.67757248878479,1.1338739395141602,1.7255969047546387,1.7887279987335205,1.6666591167449951,1.614581823348999,1.5462901592254639,1.6072784662246704,0.8910094278884816,1.0286267136974345,0.2741762101650238,1.7049927711486816
tree,47.361640012033504,171.8515778440578,103.05915819007556,178.68017581764565,74.80697853023386,4.328345575995407,82.36568408856729,1.2340339422225952,0.7659660577774048,1.7322427034378052,0.9307467341423035,1.2373110055923462,0.8548396229743958,1.0852980613708496,0.7546088695526123,1.045806646347046,1.2280136346817017,1.1577531099319458,1.3687310218811035,1.2741515636444092,0.8771417851484259,0.8827480225810634,0.9464203119277954,0.1509590446949005
tree,179.15930115419047,29.690111081115084,174.46958267259626,129.84482255640876,0.43700725397602724,98.8163455868009,94.35650931064633,1.1374359130859375,0.8625640273094177,2.224724054336548,3.5479557514190674,2.2216882705688477,1.8338841199874878,2.05012583732605,1.452242374420166,3.651280641555786,3.3418514728546143,2.9490549564361572,3.1825613975524902,2.587965965270996,0.9227779350084945,0.7918938643387184,0.4055262804031372,1.4367398023605347
tree,34.310928233218135,177.76839685873566,143.72165591397916,178.84005329633644,103.71726335955537,1.1673459400284378,87.61614022008052,1.1808791160583496,0.8191208839416504,2.239182472229004,4.300138473510742,2.3039755821228027,2.774876356124878,1.5860562324523926,2.530402421951294,3.640810966491699,4.003674507141113,3.415388584136963,3.469264030456543,3.3089444637298584,0.6883994589003402,0.911897030824096,1.4869617223739624,0.28586655855178833
tree,179.29307085713643,41.83548897284334,166.96927733623613,107.93287167483535,0.35110227107990044,50.87276031388315,103.70142344306855,1.1679664850234985,0.8320333361625671,1.987338662147522,1.6478248834609985,1.1444447040557861,0.9779137969017029,1.1592382192611694,1.259202003479004,1.675529956817627,1.4844614267349243,1.4241323471069336,1.4657541513442993,1.564278483390808,1.0129254844969582,1.2876397897531509,0.1054774671792984,1.071706771850586
tree,58.3031765358352,175.8819146939985,116.06015263975384,179.52687387384086,60.56697634379361,2.0747141421197597,84.93959949246498,1.2397109270095825,0.7602891325950623,1.8593872785568237,1.048439383506775,1.499370813369751,1.2549389600753784,1.507609248161316,1.2360061407089233,1.6010664701461792,1.6718088388442993,1.352019190788269,1.2921353578567505,1.9679583311080933,1.0054939240007799,0.9849125695500861,1.3215951919555664,0.18579983711242676
tree,178.504852275713,32.15220054791177,178.1731865114838,137.28219679537222,0.7545922103302524,87.32792145062307,91.68168214150639,1.2403063774108887,0.7596936225891113,1.9436246156692505,2.892338991165161,1.9629461765289307,2.071972370147705,1.9272140264511108,1.805670142173767,2.740180730819702,2.676509141921997,2.3277769088745117,2.2861006259918213,2.4498846530914307,0.9817961733738518,0.8714736242218432,0.21417731046676636,1.7113662958145142
tree,60.489228349056745,179.46991995763142,126.29060196766014,174.2865634261895,65.37130935854532,0.28393029707233297,89.19222813562814,1.2819619178771973,0.7180381417274475,2.9438352584838867,4.308732986450195,1.7189266681671143,3.053682565689087,1.5325125455856323,2.621540069580078,3.354677200317383,3.5968856811523438,0.4925985038280487,0.9438790678977966,3.658524751663208,0.8915515026992057,0.8584845198223764,1.441222071647644,0.02979987859725952
tree,40.40375512068914,177.022702059585,134.63835224148664,179.09021781029855,91.05818271008977,1.648295083062737,88.71568576735031,1.252309799194336,0.7476901412010193,2.0057969093322754,3.0702803134918213,1.7853890657424927,2.283770799636841,1.338191270828247,1.8421456813812256,2.810112714767456,2.9413397312164307,1.124230980873108,1.0716546773910522,2.627897024154663,0.7495231974821881,0.8066242352559737,1.3246018886566162,0.2672128975391388
tree,95.36931914935529,167.675662259402,128.0974041994032,173.082189065604,42.85950561507239,6.353694603196179,92.44207882266959,1.3050119876861572,0.6949878931045532,1.8368258476257324,1.6745414733886719,1.9693793058395386,2.324167490005493,1.928713083267212,2.1845920085906982,2.7857887744903564,2.8028430938720703,1.547611951828003,1.5634000301361084,3.681108236312866,0.9793502441088999,0.9399456269995016,1.2775816917419434,0.06000938639044762
tree,31.93189414416143,179.59265581101673,111.59339738677106,177.9111838661273,87.74827288049453,0.2323900466696225,87.57405528408971,1.2952897548675537,0.7047103047370911,2.0473716259002686,2.24621844291687,1.509069561958313,1.6729364395141602,1.312097191810608,1.2699079513549805,1.8200032711029053,1.9661918878555298,0.8270800709724426,0.9317905902862549,1.8679108619689941,0.8694737177219244,0.7590887270260244,1.309859275817871,0.190811425447464
tree,60.064524797149815,179.66253805561186,137.97973556584924,179.2856364431899,76.12073048668894,0.17913678902801208,87.59278355745185,1.267549991607666,0.732450008392334,2.1496360301971436,3.6147897243499756,1.8814384937286377,2.7096633911132812,1.3417489528656006,2.4065334796905518,3.1471402645111084,3.3732428550720215,1.1430819034576416,1.1745381355285645,3.386817693710327,0.7131502008637662,0.8881297210027599,1.3235998153686523,0.254603773355484
goddess,92.06029563218283,105.76710516632231,89.1760012668058,99.05530158739323,31.629087129467948,21.512208143262278,92.6725677689119,1.225374460220337,0.7746254801750183,3.1466963291168213,3.112499475479126,1.4048044681549072,1.0018529891967773,2.228902816772461,2.1738979816436768,2.5330052375793457,2.435757637023926,0.9723068475723267,1.0537344217300415,2.3813178539276123,1.586627378166413,2.1698750567301426,0.18999171257019043,0.1546170711517334
goddess,112.82191163330343,117.12719359317705,109.99584492046694,115.36314769897193,25.777310014184238,22.671556554563562,92.0730296281919,1.2099924087524414,0.7900075912475586,3.4370570182800293,3.3000245094299316,1.5347381830215454,1.4298732280731201,2.333906650543213,2.394477367401123,3.1026155948638916,3.000943660736084,0.6596449017524719,0.6946291923522949,3.026454210281372,1.5207187490634677,1.6746069831805346,0.12785589694976807,0.007874846458435059
goddess,90.66422073239383,83.5159629796767,89.67077930845764,86.94283926296985,51.491837267327554,56.34322532136721,90.28806301898624,1.162670373916626,0.837329626083374,3.860276937484741,3.5802671909332275,1.521144151687622,1.509058952331543,1.1926110982894897,1.168758749961853,1.66141939163208,1.645887017250061,1.773094892501831,1.655415415763855,1.2768477201461792,0.7840218909854574,0.7744945773400757,0.10216391086578369,0.17903757095336914
goddess,95.14254194981103,97.18631995690131,85.86356356653702,89.00298464403906,34.731824763232744,32.920678313236394,90.07487000979522,1.2086687088012695,0.7913312315940857,3.6064131259918213,3.8127834796905518,1.4081202745437622,1.411797046661377,1.8967816829681396,1.9868404865264893,2.104466199874878,2.0903708934783936,1.962378978729248,1.9995429515838623,2.016476631164551,1.3470300586025203,1.4073121089981488,0.11619985103607178,0.08762848377227783
goddess,120.94006102883841,122.34106345760465,119.133353367826,120.5897411389612,22.17948989886446,21.148924187968568,91.66211124058316,1.2363066673278809,0.7636932730674744,3.065096378326416,2.859636068344116,1.393137812614441,1.3928301334381104,2.214747667312622,2.2968358993530273,3.1195297241210938,3.046415090560913,1.4096386432647705,1.5457568168640137,3.037609815597534,1.5897537612610941,1.6490411825326174,0.16233670711517334,0.04165530204772949
goddess,104.74590749079127,103.74060387917999,101.12988472880923,101.26441506894247,38.56524230441758,39.95973273620081,90.03644094769312,1.23579740524292,0.7642025947570801,3.039299249649048,2.827470541000366,1.1870801448822021,1.2282285690307617,1.1376925706863403,1.1321492195129395,1.6239980459213257,1.6047805547714233,1.0383541584014893,1.0704216957092285,1.535066843032837,0.9583949467913058,0.921773297158411,0.09466683864593506,0.11717796325683594
goddess,117.29870046792229,114.23999438068392,101.9438037394981,104.7593360706825,33.20921467902579,35.53567543083679,91.0414959754803,1.2153550386428833,0.7846448421478271,3.545210599899292,3.7604928016662598,1.4531279802322388,1.5046695470809937,1.3061573505401611,1.3031970262527466,1.6169912815093994,1.6024830341339111,1.311212420463562,1.3502494096755981,1.8306760787963867,0.898858510365275,0.8661012397570363,0.1515483856201172,0.06370365619659424
goddess,111.01888960699178,113.35259948358969,106.13868091801564,110.16704232338003,25.877842893292005,25.459174047393564,92.72623627050716,1.210089921951294,0.789910078048706,3.2435779571533203,3.2093734741210938,1.3141956329345703,1.3451502323150635,2.0575153827667236,2.060699462890625,2.690316915512085,2.6369552612304688,1.3885897397994995,1.5335441827774048,2.5715487003326416,1.565606950439631,1.5319463071405526,0.08294343948364258,0.04879879951477051
goddess,128.66021609326373,130.31569284611246,107.57837023122846,103.25410684606896,26.73987367508259,23.255818184058572,90.14388976835937,1.2364357709884644,0.7635643482208252,2.7537238597869873,3.3775486946105957,1.0773179531097412,1.0928293466567993,0.996720552444458,1.2318919897079468,1.70931077003479,1.6652847528457642,1.2149372100830078,1.131409764289856,1.504119873046875,0.9251861294813097,1.1272490679606095,0.22367560863494873,0.40154600143432617
goddess,105.71449844971829,106.58299713651807,107.38633475255291,105.38917032025675,30.5300408032508,28.242424462399047,89.80803933755912,1.2365024089813232,0.7634977102279663,3.375310182571411,2.996737241744995,1.4397538900375366,1.3689228296279907,1.960092306137085,2.0518033504486084,2.6467692852020264,2.6058502197265625,1.2620316743850708,1.289710283279419,2.5133209228515625,1.3614069448209913,1.4988440598672261,0.2259969711303711,0.15098786354064941
goddess,121.6442496672379,126.26082184415738,124.80731254246437,129.1139194849064,32.41284022366201,30.111916427600676,91.57588251220638,1.2160454988479614,0.7839546203613281,2.5647549629211426,2.2359275817871094,1.1986596584320068,1.258699893951416,0.9782996773719788,1.0055359601974487,1.8873339891433716,1.8705055713653564,1.3716531991958618,1.3299318552017212,1.824941635131836,0.8161606627281095,0.7988680750363089,0.19182300567626953,0.13829803466796875
goddess,96.05779233920403,83.34801319437753,100.60396154325161,93.58954936709911,30.965429424608622,37.444209721975625,90.60148401773334,1.2597496509552002,0.740250289440155,3.1449813842773438,2.291795253753662,1.199955940246582,1.2724294662475586,1.8619943857192993,1.7978200912475586,2.3779571056365967,2.3317291736602783,0.698928713798523,0.7984941601753235,2.0605480670928955,1.5517176685829024,1.4129024248762232,0.3688952922821045,0.4968841075897217
goddess,119.22359213560999,118.38352427990536,113.9411391181067,114.39405914956083,20.503438542708917,22.35790908738592,91.36931497544637,1.234372615814209,0.765627384185791,3.1104562282562256,3.1377930641174316,1.2916027307510376,1.3778244256973267,2.3837227821350098,2.292156219482422,3.1464121341705322,3.0771515369415283,1.5320827960968018,1.5016601085662842,2.974658966064453,1.8455527228532627,1.6636042395010575,0.015186190605163574,0.03936922550201416
goddess,109.43801218450649,112.55386955309122,87.80957506271378,87.08777423388396,33.532770510162926,28.55470066899601,87.33441883606709,1.2101590633392334,0.7898410558700562,3.0722410678863525,3.8501510620117188,1.2438768148422241,1.0453752279281616,1.356029987335205,1.373093605041504,1.6954574584960938,1.7486076354980469,1.4719222784042358,1.4037541151046753,1.3973395824432373,1.0901633353009086,1.3134922799639779,0.40089571475982666,0.3766137361526489
goddess,87.50871892463101,85.15023220704789,96.01068219134889,99.62773491342435,59.515015647255034,60.11051967421018,90.9911451671703,1.2302255630493164,0.769774317741394,2.913950204849243,2.313983917236328,1.1355535984039307,1.1511900424957275,0.7172189950942993,0.7566389441490173,1.0702369213104248,1.055732250213623,1.0245418548583984,1.0637792348861694,1.0701630115509033,0.6316023871528331,0.6572661845150046,0.2676435708999634,0.3326117992401123
goddess,129.73082154657524,126.96317561661968,127.25199939249667,122.42327293525338,16.965349536465293,17.106814701289963,91.42995767844315,1.240506649017334,0.7594934105873108,3.030484676361084,3.0058584213256836,1.4601150751113892,1.445264220237732,2.7475547790527344,2.883105516433716,3.714301824569702,3.646754264831543,2.0203123092651367,1.9785023927688599,3.7212915420532227,1.881737230269949,1.9948625872000667,0.12787580490112305,0.10989439487457275
goddess,128.14747415911518,136.07763144284706,118.64157867842995,121.73018406377187,21.251991243602564,18.011695444334784,88.89986381533876,1.2403924465179443,0.7596076130867004,3.09116530418396,3.541133403778076,1.4590909481048584,1.4117381572723389,2.0491299629211426,1.9950320720672607,2.486915349960327,2.5627410411834717,1.0360405445098877,1.00875985622406,2.8440849781036377,1.4043871365218998,1.4131732918154079,0.1800445318222046,0.27238428592681885
goddess,114.46657785177527,118.29600585819978,114.44776290624299,116.93316468146126,23.280136867458,23.540348640449572,93.09480250366381,1.1572856903076172,0.8427144289016724,3.5559427738189697,3.3674509525299072,1.5195252895355225,1.5685932636260986,2.5852038860321045,2.4267947673797607,3.207103967666626,3.1421658992767334,2.981377363204956,3.1868958473205566,3.2416958808898926,1.7013222501219973,1.5471143964085214,0.2644832134246826,0.06792092323303223
goddess,124.9103235577897,120.06373812553183,108.9887304294606,105.01535189221406,24.07889979466111,26.713919041560803,89.61628861266496,1.217054843902588,0.7829451560974121,3.0465052127838135,3.5535168647766113,1.2229256629943848,1.2350618839263916,1.5442627668380737,1.5052796602249146,2.101668357849121,2.096827268600464,1.3852912187576294,1.3459680080413818,1.9820886850357056,1.2627599132207035,1.2187878688731024,0.2781398296356201,0.22825849056243896
goddess,130.80396737462837,127.78573415209149,125.93576487605124,124.89079853023424,24.296668920757046,25.671941184990047,91.24232316576015,1.2234305143356323,0.7765694856643677,2.9694721698760986,2.8607940673828125,1.434822916984558,1.4871797561645508,1.4681739807128906,1.5340067148208618,2.192173957824707,2.131615161895752,1.3967434167861938,1.4396761655807495,2.464935541152954,1.023243314621087,1.031486393608989,0.05713295936584473,0.050480008125305176
goddess,134.15456052156978,135.96241247967285,121.10449406338417,120.83594941065427,20.115269382568577,20.317477384015422,89.66729650312422,1.243710994720459,0.7562889456748962,2.9184415340423584,3.3515400886535645,1.3038835525512695,1.4203505516052246,1.645951509475708,1.6455292701721191,2.146573066711426,2.1447577476501465,1.3228819370269775,1.3530099391937256,2.461325168609619,1.2623445122155386,1.158536608991209,0.19668972492218018,0.23665094375610352
goddess,124.65545933301857,115.48760468996964,110.63373537899176,105.16930589469833,28.446042169856607,31.072417649241338,88.66835031380315,1.1952199935913086,0.8047799468040466,3.3020224571228027,3.566370964050293,1.4008712768554688,1.3417140245437622,1.3305237293243408,1.4325493574142456,1.724714756011963,1.717128038406372,1.3877618312835693,1.3266712427139282,1.9422929286956787,0.9497823258455518,1.067700168224151,0.2046186923980713,0.06126081943511963
goddess,104.70663298413928,128.81758517362564,102.25666218566886,125.54574565025982,32.01939986825856,18.380513223775438,97.6704635217438,1.2269690036773682,0.7730311155319214,3.106302261352539,2.9720070362091064,1.4579510688781738,1.2157033681869507,1.8849416971206665,2.0885987281799316,2.4464950561523438,2.329164505004883,1.5062024593353271,1.3941160440444946,2.6129226684570312,1.2928694552839735,1.7180153192134846,0.3412584066390991,0.19905638694763184
goddess,108.14753829836407,106.71690463678185,98.51947755711815,93.72862192517545,37.311052282035774,36.56098217442612,89.37832521012922,1.2483513355255127,0.7516487240791321,3.13140869140625,3.240232229232788,1.2268654108047485,1.234928011894226,1.1476434469223022,1.2396061420440674,1.668905258178711,1.631487250328064,1.2483326196670532,1.2355250120162964,1.5069822072982788,0.9354265768589419,1.0037873676177282,0.0332944393157959,0.07742154598236084
goddess,128.1603162523353,131.12938029749003,124.17751495237418,126.54037710545771,22.83109100192014,21.142884366382184,88.03856648837426,1.2240586280822754,0.7759413719177246,3.605656862258911,3.646301746368408,1.8496326208114624,1.7993842363357544,2.311663866043091,2.3210747241973877,3.3557205200195312,3.4345178604125977,3.200483560562134,2.958801507949829,3.4675209522247314,1.2497955487146308,1.2899265134152125,0.08528625965118408,0.04513907432556152
goddess,142.95189175017362,143.10959505059128,138.7752521147965,138.97329454408552,18.44306406140678,18.551117714692573,85.17231429919721,1.1909973621368408,0.8090026378631592,3.0131607055664062,3.077597141265869,1.6863980293273926,1.9063668251037598,1.700689673423767,1.8853501081466675,3.1328506469726562,3.245802402496338,1.7875791788101196,1.855826497077942,3.214437246322632,1.0084740585400327,0.9889749938703732,0.16438734531402588,0.13244831562042236
goddess,109.27874170491063,119.5286087541383,105.1931046311255,116.47995581190648,32.14261824672203,28.5898108320723,93.3585446831039,1.2170677185058594,0.7829323410987854,2.855988025665283,2.6806271076202393,1.1674405336380005,1.184702754020691,1.3683515787124634,1.3075692653656006,1.7402485609054565,1.6843791007995605,1.591569423675537,1.6916338205337524,1.8878194093704224,1.1720943098952321,1.1037099029423383,0.1526707410812378,0.021993517875671387
goddess,73.63341461777213,89.31680859977928,89.67531190646231,92.32000095389729,67.38261894165483,59.22752779812864,92.71109443241969,1.2240087985992432,0.7759913206100464,3.5245158672332764,2.906975746154785,1.38503098487854,1.4179874658584595,0.9439206123352051,0.8612147569656372,1.2679194211959839,1.2274465560913086,1.282561182975769,1.4116886854171753,1.123645544052124,0.6815153892767191,0.6073496207490321,0.45620620250701904,0.16106951236724854
goddess,126.12588596057559,123.11714583100371,107.10438221971916,98.70034305388555,28.02000863893893,28.939331971240577,86.24834311503012,1.1629027128219604,0.8370973467826843,3.429849863052368,4.158562183380127,1.34714937210083,1.383052110671997,1.2505137920379639,1.3393715620040894,1.7359702587127686,1.7510225772857666,1.6677004098892212,1.7539474964141846,1.670109748840332,0.9282659292799177,0.9684165789940752,0.37381041049957275,0.35413312911987305
goddess,112.55539864880053,133.31051384484198,114.33488149703882,124.89612799828502,40.48176622956132,23.325614877236,89.82377701005109,1.1926398277282715,0.8073601722717285,2.9040470123291016,2.9206018447875977,1.27900230884552,1.2777698040008545,0.8932688236236572,1.2797484397888184,2.1034741401672363,2.1218972206115723,2.203439712524414,2.2101869583129883,1.8096619844436646,0.6984100959284912,1.001547723411563,0.10669004917144775,0.06759095191955566
goddess,105.31050638872645,109.80741286393027,106.65682155533439,110.4356021256539,35.073279574407195,31.933915079028928,92.40370335699319,1.2277284860610962,0.7722715139389038,3.35245418548584,3.016317367553711,1.4359391927719116,1.3794829845428467,1.5934168100357056,1.6149139404296875,2.6088876724243164,2.5623018741607666,1.1326521635055542,1.0941908359527588,2.1577014923095703,1.109667949999926,1.1706652331776517,0.242284893989563,0.09328460693359375
goddess,128.436324050875,135.1712352389007,121.95780282496068,122.93301304995028,25.70020332843349,23.01786514805552,87.18985899323113,1.2180787324905396,0.7819212675094604,3.0875096321105957,3.2927279472351074,1.4453182220458984,1.4651250839233398,1.4538708925247192,1.3921570777893066,2.3912975788116455,2.4422731399536133,1.6315045356750488,1.7644156217575073,2.306617021560669,1.005916803947792,0.9501960910158425,0.10327136516571045,0.1049109697341919
goddess,113.46018474783897,111.31688469444893,105.46916797857983,105.44848938103624,29.587063090265406,30.2057977011005,93.35325725380258,1.2183599472045898,0.7816402316093445,3.4297873973846436,3.5076684951782227,1.4311137199401855,1.4077731370925903,1.74244225025177,1.7410273551940918,2.258652925491333,2.1630821228027344,0.7926795482635498,0.7813819646835327,2.25258469581604,1.217541980369398,1.2367234979822501,0.027019858360290527,0.10478293895721436
goddess,110.35817868837981,115.21191930387191,117.518279089287,119.10704629302343,38.960051737999656,36.700395249115694,89.11256432839713,1.2037707567214966,0.7962291836738586,2.8723740577697754,2.448005199432373,1.2747864723205566,1.2556666135787964,1.0345207452774048,0.9892327189445496,1.7838448286056519,1.7887805700302124,1.351285696029663,1.3697222471237183,1.712044596672058,0.8115240914583333,0.7878141541973223,0.2297513484954834,0.19422972202301025
goddess,98.1361260690679,97.98335047984203,90.16289633581339,98.03768029705708,36.23133134944838,39.49111513876927,92.3493856065444,1.1220670938491821,0.8779329657554626,3.577219247817993,3.6218976974487305,1.3407623767852783,1.381272792816162,1.6216496229171753,1.4680641889572144,2.1793482303619385,2.1589882373809814,2.0756421089172363,2.0737602710723877,1.7181888818740845,1.2094972543219165,1.0628335935948678,0.06848680973052979,0.024046897888183594
goddess,95.14254194981103,97.18631995690131,85.86356356653702,89.00298464403906,34.731824763232744,32.920678313236394,90.07487000979522,1.2086687088012695,0.7913312315940857,3.6064131259918213,3.8127834796905518,1.4081202745437622,1.411797046661377,1.8967816829681396,1.9868404865264893,2.104466199874878,2.0903708934783936,1.962378978729248,1.9995429515838623,2.016476631164551,1.3470300586025203,1.4073121089981488,0.11619985103607178,0.08762848377227783
goddess,106.00186889554205,125.24606697053953,103.32106013455166,116.55671220650635,30.41960703094779,20.535560446733015,91.7310132057584,1.2296638488769531,0.7703361511230469,3.242318630218506,3.2970266342163086,1.4629358053207397,1.263147234916687,1.9917323589324951,2.0249485969543457,2.6763854026794434,2.6353538036346436,0.4011400640010834,0.7667698860168457,2.565401554107666,1.36146165144558,1.6030965653749298,0.13779056072235107,0.19150972366333008
goddess,95.32664791594092,132.87302681335177,91.91740264063765,120.21281799967637,46.213935505903045,23.43806105623784,91.9032258902927,1.1990764141082764,0.8009235262870789,3.1437251567840576,3.226576805114746,1.339358925819397,1.2010799646377563,1.1538922786712646,1.2131975889205933,1.7951427698135376,1.818870186805725,1.2425323724746704,1.5318760871887207,1.6354225873947144,0.8615251631971396,1.010088099503343,0.09838414192199707,0.17408645153045654
goddess,124.7318808854831,128.5136793301887,131.78978394983574,137.68611012897176,29.410352010886545,29.359140045487756,92.51231933867481,1.2112336158752441,0.7887665033340454,2.767942428588867,2.2107579708099365,1.4690604209899902,1.5709047317504883,1.3047525882720947,1.2068618535995483,2.630845785140991,2.586115598678589,1.6365809440612793,1.5822784900665283,2.3788998126983643,0.888153871328832,0.7682586097987693,0.31925463676452637,0.23715686798095703
goddess,113.62143195202395,119.18711822354629,104.92400226084304,112.91982220412113,25.871809440855685,22.78735223051171,89.30941407726677,1.2240400314331055,0.7759597301483154,3.252941131591797,3.424461603164673,1.417135238647461,1.2960540056228638,2.1094603538513184,2.0613486766815186,2.50858998298645,2.5107502937316895,1.032618761062622,1.0016766786575317,2.6343302726745605,1.4885374435591483,1.5904793143334737,0.15684294700622559,0.016445517539978027
goddess,121.35692610756197,121.69526211274751,110.34222480601284,109.40161824165999,23.612096856147996,24.828463388662882,92.80778238320636,1.2258038520812988,0.7741961479187012,3.305915355682373,3.73012375831604,1.3852845430374146,1.4137852191925049,1.9852575063705444,1.8571726083755493,2.464177370071411,2.3715693950653076,0.6859052777290344,0.5934107303619385,2.5060508251190186,1.4331034611229791,1.3136162901886879,0.10245561599731445,0.31122660636901855
goddess,136.3661094378042,136.39529695213966,128.471639026856,125.50771504085,20.636910894401776,20.54905930717478,89.20319423510178,1.2026634216308594,0.7973365783691406,3.0400304794311523,3.301032781600952,1.5120067596435547,1.502051830291748,1.676049828529358,1.6758586168289185,2.352898597717285,2.367060899734497,1.4856860637664795,1.4540979862213135,2.677598476409912,1.108492875013072,1.1157121660650322,0.10966110229492188,0.15132129192352295
goddess,113.46018474783897,111.31688469444893,105.46916797857983,105.44848938103624,29.587063090265406,30.2057977011005,93.35325725380258,1.2183599472045898,0.7816402316093445,3.4297873973846436,3.5076684951782227,1.4311137199401855,1.4077731370925903,1.74244225025177,1.7410273551940918,2.258652925491333,2.1630821228027344,0.7926795482635498,0.7813819646835327,2.25258469581604,1.217541980369398,1.2367234979822501,0.027019858360290527,0.10478293895721436
goddess,120.28815452938669,112.01822158962312,114.25971493459298,105.43548659012947,21.376059750754585,22.819655230299084,91.61918213855002,1.2499438524246216,0.7500561475753784,3.1352169513702393,3.271857976913452,1.2968093156814575,1.3221220970153809,2.206852674484253,2.4173433780670166,3.197640895843506,3.1263859272003174,1.6919434070587158,1.714847207069397,2.849905490875244,1.7017544106476201,1.8283799621412216,0.0029734373092651367,0.15233349800109863
goddess,101.073810521699,99.29099235017755,90.58932263448173,97.93080019287353,40.71687893302363,40.09602639541859,93.33196423396753,1.201155185699463,0.7988448143005371,3.4146249294281006,3.3597421646118164,1.3696461915969849,1.298630952835083,1.2987080812454224,1.3124942779541016,1.6286100149154663,1.6169986724853516,1.411287784576416,1.4684494733810425,1.5694217681884766,0.9482062893372938,1.0106745603238512,0.0012712478637695312,0.05623185634613037
goddess,103.90759659195002,98.41896809724393,89.7860762439402,85.26782095080792,32.9026771891924,37.19802571105067,89.85749445566086,1.2229931354522705,0.7770068645477295,3.019412040710449,3.308945894241333,1.0499072074890137,1.20159912109375,1.3228200674057007,1.3901745080947876,1.7075543403625488,1.717856526374817,1.300752878189087,1.3551660776138306,1.4456636905670166,1.2599387812858325,1.1569360585861035,0.15570306777954102,0.13443946838378906
goddess,109.41665390341342,126.34317489694465,101.27406694840401,104.02420446107747,40.46119367039732,22.04986633139773,90.50141195475372,1.2531335353851318,0.7468664646148682,2.2928829193115234,2.4187252521514893,1.0924471616744995,0.5791444778442383,0.8448324799537659,0.8085046410560608,1.374143362045288,1.3252636194229126,1.3710983991622925,1.2729456424713135,1.1543033123016357,0.7733387355046766,1.3960303101486167,0.04413247108459473,0.165166437625885
goddess,113.17508765849931,105.69496399847397,105.66116227035091,100.83426185523896,30.25677060254241,34.46379531318835,88.6952559872308,1.232381820678711,0.7676183581352234,3.206101894378662,3.1737842559814453,1.2853622436523438,1.311224102973938,1.5198007822036743,1.484491229057312,1.9462534189224243,1.9512008428573608,1.3085614442825317,1.2443416118621826,1.9468477964401245,1.1823901062280102,1.1321406413669142,0.0520014762878418,0.08505034446716309
goddess,107.68762989810642,102.63461276113931,95.66780077920522,96.9073210168989,37.57592263579961,40.78145064186656,91.90377581210424,1.2452960014343262,0.7547039985656738,3.7065513134002686,3.7319977283477783,1.5186188220977783,1.5326496362686157,1.418981909751892,1.3984897136688232,1.701879620552063,1.661941647529602,1.4656330347061157,1.463282585144043,1.7943553924560547,0.9343891664681098,0.9124647721894273,0.045578598976135254,0.02061450481414795
goddess,113.42561901989681,111.5368702447711,114.64836313999182,113.69829120185585,30.692984296536093,31.033130917982966,93.78782638890537,1.2662031650543213,0.7337969541549683,3.449784755706787,2.958897590637207,1.6037073135375977,1.5391052961349487,1.841454029083252,1.8145381212234497,2.5633459091186523,2.4699668884277344,1.396568775177002,1.33582603931427,2.6025874614715576,1.1482474796312645,1.1789556873233342,0.3495107889175415,0.14329171180725098
goddess,95.13235006473406,96.58950117413534,91.2401037905155,91.68225026369699,28.64656620890554,26.78877323357564,93.30907147877927,1.2375386953353882,0.7624613642692566,3.3022868633270264,3.2475602626800537,1.3170855045318604,1.2398022413253784,2.283552408218384,2.297091007232666,2.69138765335083,2.648857355117798,1.0255216360092163,0.9054109454154968,2.435800313949585,1.7337907573732525,1.852786741206631,0.1777355670928955,0.12373888492584229
goddess,109.33717705692875,106.56264819507454,98.60753911634595,93.2057999616325,36.30641346881034,36.57649890173159,89.60445003318026,1.2499951124191284,0.7500048279762268,3.126796245574951,3.2675178050994873,1.2192569971084595,1.236603021621704,1.1620845794677734,1.2448583841323853,1.6805191040039062,1.6460802555084229,1.2622445821762085,1.2469758987426758,1.51017165184021,0.9531080232598219,1.006675024798849,0.051679372787475586,0.09126091003417969
goddess,147.3927186325608,115.93285893165651,134.60070297403405,120.74297641813129,14.330637931547987,29.19491217180378,91.52668757025995,1.1760125160217285,0.8239873051643372,3.0971901416778564,3.2409462928771973,1.6073440313339233,1.4231550693511963,2.036506414413452,1.668135643005371,2.7610652446746826,2.6668739318847656,1.7531107664108276,1.5048413276672363,2.8431544303894043,1.2670001615791049,1.1721382348218905,0.2689734697341919,0.20587193965911865
goddess,136.83478284968854,130.00584672319724,129.20984070402147,121.93833119129812,18.95536194427937,21.73887798964509,90.53626945345314,1.2135440111160278,0.7864558696746826,2.9680867195129395,3.145573616027832,1.4418096542358398,1.4325088262557983,1.8201916217803955,1.8309730291366577,2.456972360610962,2.4082539081573486,1.5506917238235474,1.6083611249923706,2.7581119537353516,1.2624345758806297,1.2781573959058534,0.0664677619934082,0.11198592185974121
goddess,130.04602045506763,134.21209838554768,123.15776260835557,122.46847981392015,21.613502707179983,19.029531162892876,92.5068278928689,1.2621405124664307,0.7378596067428589,2.9920215606689453,3.2318010330200195,1.4921261072158813,1.3898165225982666,1.9230071306228638,1.9191054105758667,2.6395885944366455,2.594944477081299,1.8970248699188232,1.9294077157974243,2.814196825027466,1.2887689804194695,1.3808326484386926,0.04381906986236572,0.2825075387954712
goddess,118.69929395139184,121.67267562767069,107.17263264004835,116.59093728110874,33.52797905650323,33.875373773196586,91.64418704647696,1.207747459411621,0.7922524213790894,3.0259387493133545,3.0890159606933594,1.2930593490600586,1.2502394914627075,1.090843915939331,0.9284574389457703,1.8093814849853516,1.7834022045135498,1.4388704299926758,1.5379456281661987,1.6160386800765991,0.8436140793678183,0.742623075548873,0.0627288818359375,0.0007079839706420898
goddess,103.18386697712351,109.04373562120638,101.56333186341793,102.5132887484759,45.372004101113774,42.090269462015655,89.72609881290867,1.2115941047668457,0.78840571641922,2.987095355987549,2.8255019187927246,1.189969778060913,1.1734108924865723,0.8722534775733948,0.8451120257377625,1.3007184267044067,1.280367374420166,1.1663857698440552,1.070296049118042,1.2870768308639526,0.7330041154411822,0.7202177096968816,0.11350977420806885,0.048140883445739746
goddess,125.3902707561298,118.20268639960439,119.62669842961854,114.04847035022841,21.70366509012992,23.850353675411203,90.23459308228078,1.2398607730865479,0.7601391673088074,3.2590343952178955,3.305356740951538,1.4687186479568481,1.453406572341919,2.1576216220855713,2.2103307247161865,3.177121162414551,3.189473867416382,1.5590291023254395,1.518284797668457,2.9390645027160645,1.4690493349680875,1.5207920797843477,0.04509258270263672,0.0028609037399291992
goddess,106.92283917008564,116.54760875194049,107.46801654373127,116.1421531385935,28.480122003936525,23.77757209771292,86.40382427471319,1.2099745273590088,0.790025532245636,3.4390316009521484,3.1400535106658936,1.5072275400161743,1.4354088306427002,2.2192306518554688,2.2729084491729736,3.16117525100708,3.185195207595825,0.6980951428413391,1.1751927137374878,2.8729281425476074,1.4723916068041374,1.5834560977998082,0.029101967811584473,0.27559494972229004
goddess,95.13235006473406,96.58950117413534,91.2401037905155,91.68225026369699,28.64656620890554,26.78877323357564,93.30907147877927,1.2375386953353882,0.7624613642692566,3.3022868633270264,3.2475602626800537,1.3170855045318604,1.2398022413253784,2.283552408218384,2.297091007232666,2.69138765335083,2.648857355117798,1.0255216360092163,0.9054109454154968,2.435800313949585,1.7337907573732525,1.852786741206631,0.1777355670928955,0.12373888492584229
goddess,106.28914806082267,110.4798485684675,106.18916051754084,111.32800379117509,24.339983117172526,23.994932049252682,91.53724618246447,1.1242481470108032,0.875751793384552,3.5315330028533936,3.3065338134765625,1.4328159093856812,1.4134912490844727,2.6384081840515137,2.4802517890930176,3.332489252090454,3.2588491439819336,3.11332368850708,3.1397078037261963,3.0645198822021484,1.841413349304154,1.7546978348834184,0.16473853588104248,0.06500697135925293
goddess,103.08352707606292,116.63735776421126,97.34512322032565,103.46616721093645,25.99842515587905,21.40728554161605,92.76508370350244,1.2336112260818481,0.7663888931274414,3.009542226791382,3.29811429977417,1.224198579788208,1.1082355976104736,2.1678688526153564,2.0299222469329834,2.5224454402923584,2.4406001567840576,1.612561821937561,1.5051841735839844,2.4042673110961914,1.7708459375475423,1.8316686629098913,0.08806204795837402,0.36841046810150146
goddess,113.30783352682889,105.6153963418383,106.30177194923357,100.63079747085655,30.14485362479169,34.65448460303715,87.61783838203594,1.22829008102417,0.7717099785804749,3.1990482807159424,3.163512945175171,1.2723864316940308,1.31376314163208,1.5087757110595703,1.4767529964447021,1.9368767738342285,1.9609713554382324,1.3114935159683228,1.2246382236480713,1.937140703201294,1.1857832555378334,1.1240624931429033,0.0691843032836914,0.10491931438446045
goddess,96.97960528545224,98.50390912741688,91.66402669980654,94.87967393192592,35.408424225222824,34.79418711081817,91.35028904595124,1.2162927389144897,0.7837074398994446,3.3067617416381836,3.23353910446167,1.2746195793151855,1.2803677320480347,1.6248316764831543,1.633011817932129,2.168375253677368,2.1394810676574707,2.1750173568725586,2.1551451683044434,1.8290523290634155,1.2747571338885226,1.275423069196651,0.049759626388549805,0.02346181869506836
goddess,129.81358248129575,123.3773149086955,128.53084720745633,118.80026715278771,22.3144521259801,23.4211840842319,89.15240851153193,1.2039544582366943,0.7960454225540161,3.1383559703826904,3.0740315914154053,1.5356431007385254,1.4152156114578247,1.890777587890625,1.9496238231658936,3.1102092266082764,3.0527102947235107,1.6810702085494995,1.7623364925384521,2.819275140762329,1.231260281585628,1.3776151349421855,0.05482041835784912,0.004554152488708496
goddess,127.69543253127253,101.3196441864573,128.04401639127647,93.82765805903894,11.320302850639052,45.134499353593384,97.02155256409048,1.1868743896484375,0.8131256103515625,2.604064702987671,2.4480104446411133,0.4208945035934448,1.5197043418884277,1.4062806367874146,1.1848713159561157,1.585330843925476,1.456995964050293,1.2512264251708984,0.5514346957206726,1.7251465320587158,3.341163364258179,0.7796717451053782,0.3397476077079773,0.15092182159423828
goddess,117.71837157450662,126.00488359452451,112.05675171581653,123.39469749545809,27.225059940760325,24.339610242584698,90.45316750524597,1.2381491661071777,0.7618509531021118,3.0025746822357178,2.9056882858276367,1.321897029876709,1.369226098060608,1.659671425819397,1.6437722444534302,2.3555538654327393,2.354964017868042,1.6887342929840088,1.6268589496612549,2.393981456756592,1.255521521561078,1.2005110377830617,0.017215609550476074,0.07860398292541504
goddess,114.56930117791579,114.91076753108226,98.76110670850609,102.12931608687349,35.293927893601,34.88352341727809,94.02366019514209,1.142480492591858,0.8575196266174316,3.805609703063965,4.254889488220215,1.5129153728485107,1.5403918027877808,1.3146787881851196,1.3550745248794556,1.7979615926742554,1.7155956029891968,1.7740007638931274,1.8429086208343506,1.7124637365341187,0.8689698993142956,0.8796941419273455,0.16669142246246338,0.2837787866592407
goddess,107.68762989810642,102.63461276113931,95.66780077920522,96.9073210168989,37.57592263579961,40.78145064186656,91.90377581210424,1.2452960014343262,0.7547039985656738,3.7065513134002686,3.7319977283477783,1.5186188220977783,1.5326496362686157,1.418981909751892,1.3984897136688232,1.701879620552063,1.661941647529602,1.4656330347061157,1.463282585144043,1.7943553924560547,0.9343891664681098,0.9124647721894273,0.045578598976135254,0.02061450481414795
goddess,135.85823437900606,149.76449764701212,138.81038885262538,145.474641973444,25.4263513677661,17.353644041872702,87.80890548131512,1.2163026332855225,0.7836974263191223,2.526618480682373,2.347231388092041,1.6225690841674805,1.5831537246704102,1.212600588798523,1.1833328008651733,2.496666193008423,2.5393333435058594,1.634682297706604,1.4427342414855957,2.534550189971924,0.7473332589024606,0.7474524014773894,0.12087869644165039,0.05734550952911377
goddess,124.9103235577897,120.06373812553183,108.9887304294606,105.01535189221406,24.07889979466111,26.713919041560803,89.61628861266496,1.217054843902588,0.7829451560974121,3.0465052127838135,3.5535168647766113,1.2229256629943848,1.2350618839263916,1.5442627668380737,1.5052796602249146,2.101668357849121,2.096827268600464,1.3852912187576294,1.3459680080413818,1.9820886850357056,1.2627599132207035,1.2187878688731024,0.2781398296356201,0.22825849056243896
goddess,113.79176223198586,106.17569577816445,103.31200749472666,107.6803713380595,41.463341825285156,46.63585984861877,90.61095134836503,1.064854383468628,0.9351456761360168,4.2208709716796875,4.310800075531006,1.7134251594543457,1.7336965799331665,1.0831592082977295,1.089619517326355,1.769112229347229,1.776694893836975,1.8490909337997437,1.922917127609253,1.6052682399749756,0.6321598408668339,0.6284945713359994,0.1463606357574463,0.056793928146362305
goddess,123.18968520175474,128.6574214941382,124.15443848853523,126.0125123053511,27.086731610870604,25.54149018083681,93.0690048277809,1.185767650604248,0.8142324686050415,2.9485669136047363,2.7330591678619385,1.3556737899780273,1.4373669624328613,1.476186752319336,1.4509801864624023,2.154815435409546,2.0608065128326416,1.2826915979385376,1.3023658990859985,2.3601715564727783,1.088894448161319,1.0094702431008002,0.23002362251281738,0.014121294021606445
goddess,88.23557868430713,113.50171765341597,104.08202622995424,108.98854984805206,63.624707349223506,44.21060001732644,87.87120551127683,1.1983247995376587,0.8016752600669861,3.0304853916168213,2.6957523822784424,1.2437597513198853,1.2377536296844482,0.6547424793243408,0.6732088923454285,1.1976711750030518,1.214012861251831,1.0217790603637695,0.7410593628883362,1.1775577068328857,0.5264215634956521,0.5438952731019521,0.25836145877838135,0.08215606212615967
goddess,68.73512339423426,70.98158112859188,83.70294962842553,82.39740831203176,69.56378378198893,68.33853952053839,90.12639173442835,1.1900699138641357,0.8099300265312195,3.346834897994995,2.6410152912139893,1.2502676248550415,1.290486454963684,0.8875977993011475,0.9050976634025574,1.1107022762298584,1.0798746347427368,1.170201301574707,1.2966241836547852,0.8921653628349304,0.709925676495367,0.701361070904814,0.3745635747909546,0.3308454751968384
goddess,139.64684133344218,135.87132872684572,101.16312768274753,95.9477676997049,22.149762653945665,25.120548293610852,88.13523911414639,1.1967718601226807,0.8032281398773193,3.192338466644287,4.18317174911499,1.230520248413086,1.2836185693740845,1.019560694694519,0.9848145246505737,1.180577039718628,1.1823543310165405,1.2548828125,1.262136697769165,1.2621524333953857,0.8285600074028568,0.7672168204250631,0.5212700366973877,0.4695096015930176
goddess,114.45610266397648,107.4667581089883,86.81368165167707,84.49880911198987,25.8922912484128,27.92466459065991,91.4229281593681,1.222579836845398,0.777420163154602,3.450791835784912,4.8152618408203125,1.3358489274978638,1.3393076658248901,1.9520646333694458,2.008373975753784,2.495220422744751,2.5046255588531494,1.668251633644104,1.6579710245132446,1.8764636516571045,1.461290368915761,1.4995602037091367,0.7025576829910278,0.6633015871047974
goddess,127.92003456884098,134.3560798542545,120.67384652946075,121.32789632116275,26.09613868837725,23.28152800371957,87.3142464558422,1.235564947128296,0.7644351124763489,3.112187623977661,3.3394458293914795,1.4419512748718262,1.4812277555465698,1.4361777305603027,1.4258170127868652,2.3989319801330566,2.447225570678711,1.6484931707382202,1.791745901107788,2.296916961669922,0.9959953291019727,0.962590691983118,0.10798919200897217,0.12015223503112793
goddess,147.3927186325608,115.93285893165651,134.60070297403405,120.74297641813129,14.330637931547987,29.19491217180378,91.52668757025995,1.1760125160217285,0.8239873051643372,3.0971901416778564,3.2409462928771973,1.6073440313339233,1.4231550693511963,2.036506414413452,1.668135643005371,2.7610652446746826,2.6668739318847656,1.7531107664108276,1.5048413276672363,2.8431544303894043,1.2670001615791049,1.1721382348218905,0.2689734697341919,0.20587193965911865
goddess,106.00186889554205,125.24606697053953,103.32106013455166,116.55671220650635,30.41960703094779,20.535560446733015,91.7310132057584,1.2296638488769531,0.7703361511230469,3.242318630218506,3.2970266342163086,1.4629358053207397,1.263147234916687,1.9917323589324951,2.0249485969543457,2.6763854026794434,2.6353538036346436,0.4011400640010834,0.7667698860168457,2.565401554107666,1.36146165144558,1.6030965653749298,0.13779056072235107,0.19150972366333008
goddess,105.75218734046253,112.00718728117373,106.0178018572812,112.53022711932086,25.043443485413526,24.252508869504748,91.10939778671839,1.1302833557128906,0.8697167038917542,3.5616676807403564,3.327599048614502,1.461204171180725,1.436311960220337,2.613238573074341,2.4176077842712402,3.3220787048339844,3.262737274169922,3.017455577850342,3.1643178462982178,3.0435690879821777,1.7884131705903537,1.6832040448206833,0.16534900665283203,0.07203161716461182
goddess,78.48644070336357,84.00909327230012,61.54758355831078,46.579017101099716,37.29704353551528,40.13675254810144,83.27124101027036,1.2995901107788086,0.7004098296165466,2.8307995796203613,3.212528705596924,1.05791437625885,1.1716673374176025,1.572072148323059,1.5042880773544312,0.7892695069313049,0.9606187343597412,2.4429142475128174,2.4031543731689453,1.2235559225082397,1.486009357272453,1.2838855752216827,0.04624748229980469,0.333016037940979
goddess,113.30783352682889,105.6153963418383,106.30177194923357,100.63079747085655,30.14485362479169,34.65448460303715,87.61783838203594,1.22829008102417,0.7717099785804749,3.1990482807159424,3.163512945175171,1.2723864316940308,1.31376314163208,1.5087757110595703,1.4767529964447021,1.9368767738342285,1.9609713554382324,1.3114935159683228,1.2246382236480713,1.937140703201294,1.1857832555378334,1.1240624931429033,0.0691843032836914,0.10491931438446045
goddess,103.74173330392614,106.84005170991226,105.21284665024449,103.61713467470953,31.842373979444734,28.222159747615102,88.33287865608051,1.1934515237808228,0.8065485954284668,3.4369513988494873,3.18611478805542,1.4231206178665161,1.3595727682113647,1.8878253698349,2.030735969543457,2.389979839324951,2.3997063636779785,0.3975434899330139,0.5084236860275269,2.408607244491577,1.32653832682624,1.493656333348549,0.14632093906402588,0.10864055156707764
goddess,177.62792874575229,146.6723941907042,177.88761170666928,132.0480374402459,1.1398662269877649,19.493624285488927,85.65601860136444,1.3759856224060059,0.6240143179893494,1.132597804069519,2.068591833114624,0.6232562065124512,1.7309699058532715,0.6740050315856934,1.2403018474578857,1.3404864072799683,1.3863049745559692,1.2588763236999512,1.5723764896392822,1.760833740234375,1.0814235672575867,0.7165353520754218,0.1902877688407898,0.7056362628936768
goddess,132.6923875737905,137.39913811747937,127.72538266903365,129.47411494935406,19.2677095006069,17.31470697863269,97.34081063496497,1.1956048011779785,0.8043952584266663,3.1638941764831543,3.3940939903259277,1.5579497814178467,1.630598783493042,2.2194247245788574,2.340207099914551,3.1052234172821045,2.92226505279541,1.641047477722168,1.4648557901382446,3.348968982696533,1.4245794867531196,1.4351817801063365,0.22814679145812988,0.4672982692718506
goddess,102.65232083554847,108.30979941434238,102.6889483729423,107.7157170164511,30.266921977886867,27.47822074575101,89.82024249055725,1.2366267442703247,0.7633731365203857,3.280900716781616,2.948513984680176,1.3723582029342651,1.3130968809127808,1.99392831325531,1.9844377040863037,2.6943604946136475,2.6682357788085938,1.942944049835205,1.920150876045227,2.4460315704345703,1.452920131254308,1.511264112852616,0.17036795616149902,0.16190624237060547
goddess,107.14521509753921,118.21950392390602,105.30359494003295,110.63587563899941,26.8746100199405,23.15399473954184,88.93505866942773,1.254333257675171,0.7456667423248291,2.8309178352355957,2.7059741020202637,1.1571879386901855,1.1372652053833008,1.8408418893814087,1.805495262145996,2.1913576126098633,2.2059414386749268,2.257739543914795,2.233046770095825,2.297436237335205,1.590787664687709,1.587574882291941,0.12059319019317627,0.0031435489654541016
goddess,103.74173330392614,106.84005170991226,105.21284665024449,103.61713467470953,31.842373979444734,28.222159747615102,88.33287865608051,1.1934515237808228,0.8065485954284668,3.4369513988494873,3.18611478805542,1.4231206178665161,1.3595727682113647,1.8878253698349,2.030735969543457,2.389979839324951,2.3997063636779785,0.3975434899330139,0.5084236860275269,2.408607244491577,1.32653832682624,1.493656333348549,0.14632093906402588,0.10864055156707764
goddess,115.47990404889036,120.66135568236044,107.06474253257673,107.779328114482,36.713165001074906,32.60491743398473,91.09894427364807,1.1443498134613037,0.8556500673294067,3.5235438346862793,3.7842884063720703,1.4661356210708618,1.4056148529052734,1.144081950187683,1.173455834388733,1.9563014507293701,1.9906281232833862,2.06194806098938,2.0998716354370117,1.6799601316452026,0.7803378851229084,0.8348339498045018,0.06108260154724121,0.19970810413360596
goddess,117.71837157450662,126.00488359452451,112.05675171581653,123.39469749545809,27.225059940760325,24.339610242584698,90.45316750524597,1.2381491661071777,0.7618509531021118,3.0025746822357178,2.9056882858276367,1.321897029876709,1.369226098060608,1.659671425819397,1.6437722444534302,2.3555538654327393,2.354964017868042,1.6887342929840088,1.6268589496612549,2.393981456756592,1.255521521561078,1.2005110377830617,0.017215609550476074,0.07860398292541504
goddess,140.05350409478248,141.552607376341,138.4643787747315,136.7588622027368,20.18551721647383,18.117972173912484,88.0748618905718,1.2220416069030762,0.7779585123062134,2.8626890182495117,2.8124043941497803,1.6779731512069702,1.6970617771148682,1.6441125869750977,1.895938515663147,3.0019962787628174,3.011070728302002,1.426456093788147,1.4768983125686646,3.09672212600708,0.9798199726691166,1.1171882037778134,0.020865321159362793,0.044999122619628906
goddess,107.46919980254022,110.83828402672562,102.82689775604584,107.88173795060474,29.964739210000452,28.270262171785742,92.78942936885497,1.2125178575515747,0.7874822616577148,3.2664401531219482,3.167188882827759,1.3298304080963135,1.3226553201675415,1.8010209798812866,1.8281055688858032,2.307913303375244,2.2225840091705322,1.3138066530227661,1.4637504816055298,2.283021926879883,1.3543227877731454,1.3821470785806522,0.10738515853881836,0.008673906326293945
goddess,72.33990627125283,74.08423844851646,71.5796875740469,68.57275399060154,49.488039853253824,51.58759902670174,88.4053534390076,1.198678731918335,0.8013213872909546,3.6189863681793213,3.4021050930023193,1.4132977724075317,1.4760630130767822,1.5794222354888916,1.5303373336791992,1.5939174890518188,1.605682373046875,1.5040946006774902,1.5086387395858765,1.2322735786437988,1.1175430604799659,1.0367689477702848,0.13222801685333252,0.08509767055511475
goddess,113.19359636836866,108.42019724137133,114.65194780597045,111.15428185648858,39.56391912784152,43.74487460824206,89.51420481524632,1.2206847667694092,0.7793154120445251,2.9451305866241455,2.6109604835510254,1.270624041557312,1.2764707803726196,0.9131765961647034,0.8619837760925293,1.4381238222122192,1.431309461593628,1.3371297121047974,1.2990185022354126,1.5413868427276611,0.7186829838057416,0.6752861985252071,0.15547239780426025,0.18057477474212646
goddess,136.3661094378042,136.39529695213966,128.471639026856,125.50771504085,20.636910894401776,20.54905930717478,89.20319423510178,1.2026634216308594,0.7973365783691406,3.0400304794311523,3.301032781600952,1.5120067596435547,1.502051830291748,1.676049828529358,1.6758586168289185,2.352898597717285,2.367060899734497,1.4856860637664795,1.4540979862213135,2.677598476409912,1.108492875013072,1.1157121660650322,0.10966110229492188,0.15132129192352295
goddess,134.31437850832722,146.13427126744244,124.03548271744818,133.3094437726485,20.6955896701535,14.934323379467148,80.50338332364902,1.2286980152130127,0.7713019847869873,2.8779542446136475,3.3284592628479004,1.450304627418518,1.437670111656189,1.733704686164856,1.8098952770233154,2.868098735809326,3.0164291858673096,1.1658263206481934,1.376444697380066,2.738407850265503,1.1954064394349597,1.2589077309471193,0.4589881896972656,0.027721285820007324
goddess,125.98086240903966,126.09360299076226,117.85395728933956,118.94415022595135,20.707530414616507,20.624669287290647,94.35160912429217,1.2113502025604248,0.7886496782302856,3.3987300395965576,3.713376760482788,1.551500678062439,1.5367196798324585,2.4097230434417725,2.3940296173095703,3.1621973514556885,3.0376479625701904,1.9189658164978027,1.9609968662261963,3.221463203430176,1.5531552930391321,1.5578820853576203,0.0013266801834106445,0.31405317783355713
goddess,138.540825732909,138.3515835429113,134.96439607009327,130.9472408144187,18.7685128754285,18.683455299908523,93.66587755593714,1.218544363975525,0.7814555764198303,3.0167319774627686,3.1048583984375,1.6288403272628784,1.6634116172790527,1.952894687652588,2.026005506515503,2.9534504413604736,2.905988931655884,1.9836722612380981,1.9333562850952148,3.197115659713745,1.1989471626031567,1.2179813267435509,0.146917462348938,0.23904657363891602
goddess,92.45815684854226,88.53578990417026,88.33928925852275,78.02662872312999,37.231730241528446,40.72527562633872,86.79017055089406,1.2314965724945068,0.7685033082962036,2.9514195919036865,2.9373674392700195,1.042970061302185,1.1422349214553833,1.3264875411987305,1.3555399179458618,1.7095839977264404,1.77316415309906,1.1345354318618774,1.0288013219833374,1.3553376197814941,1.271835423259554,1.1867425043144297,0.009753108024597168,0.004048824310302734
goddess,140.9422061442653,141.84575503598018,141.82984272113987,140.43166837203893,19.253225561436548,17.894675404242093,90.36939176309733,1.2082085609436035,0.7917913794517517,2.8846914768218994,2.650282859802246,1.8365501165390015,1.798315167427063,1.8870611190795898,2.0266001224517822,3.2781476974487305,3.207632541656494,1.4097411632537842,1.418428897857666,3.439008951187134,1.0275026390965774,1.1269431700385233,0.1618509292602539,0.06932723522186279
goddess,97.05252614495087,92.80568349084506,97.09498690967499,95.20476833287962,36.44903877298501,38.91616763665602,90.40790447403461,1.200331449508667,0.7996686697006226,3.292552947998047,2.944352626800537,1.2431672811508179,1.3010748624801636,1.5178031921386719,1.545891523361206,2.212059259414673,2.1528873443603516,1.4678571224212646,1.6030387878417969,1.7733962535858154,1.2209153138411968,1.1881640171345313,0.1498793363571167,0.19781064987182617
goddess,136.83478284968854,130.00584672319724,129.20984070402147,121.93833119129812,18.95536194427937,21.73887798964509,90.53626945345314,1.2135440111160278,0.7864558696746826,2.9680867195129395,3.145573616027832,1.4418096542358398,1.4325088262557983,1.8201916217803955,1.8309730291366577,2.456972360610962,2.4082539081573486,1.5506917238235474,1.6083611249923706,2.7581119537353516,1.2624345758806297,1.2781573959058534,0.0664677619934082,0.11198592185974121
goddess,112.90018698702521,104.13502462310515,101.80550914020223,99.10319904759496,32.56187097596995,35.14833144398972,91.10579846177095,1.2278203964233398,0.7721795439720154,3.1612026691436768,3.185307264328003,1.2526178359985352,1.2579059600830078,1.31951105594635,1.4253300428390503,1.7729052305221558,1.7453219890594482,0.6361269354820251,0.6096162796020508,1.7569762468338013,1.0534018953135822,1.1330965548874892,0.06007397174835205,0.03380703926086426
goddess,99.02942225534842,100.18864331874971,91.09401113062786,89.93293764558993,34.88031665500227,33.11337312199584,91.58455416876191,1.2432494163513184,0.756750762462616,3.274744749069214,3.414801597595215,1.253728985786438,1.2845895290374756,1.5794448852539062,1.7112619876861572,2.1087911128997803,2.0518991947174072,1.2489213943481445,1.1951061487197876,1.8038321733474731,1.2597966892074886,1.3321458854039507,0.007476091384887695,0.15015006065368652
goddess,102.65232083554847,108.30979941434238,102.6889483729423,107.7157170164511,30.266921977886867,27.47822074575101,89.82024249055725,1.2366267442703247,0.7633731365203857,3.280900716781616,2.948513984680176,1.3723582029342651,1.3130968809127808,1.99392831325531,1.9844377040863037,2.6943604946136475,2.6682357788085938,1.942944049835205,1.920150876045227,2.4460315704345703,1.452920131254308,1.511264112852616,0.17036795616149902,0.16190624237060547
goddess,105.17153508782523,155.50705201353574,119.26651672510428,142.35806633736823,38.72230979765308,12.934970205284058,97.50656775342193,1.1086949110031128,0.8913050889968872,3.978320837020874,4.110579013824463,1.7825286388397217,2.3896257877349854,1.679194450378418,2.1389107704162598,3.678760051727295,3.6343462467193604,3.6206045150756836,4.041132926940918,3.3030519485473633,0.9420289086870015,0.8950815170780841,0.6632519960403442,0.6953699588775635
goddess,151.67540449813083,151.11649409360516,151.60404193961526,150.45394426515531,12.444606953310267,12.82656856111989,90.0664698487787,1.2204108238220215,0.7795892953872681,2.7996666431427,2.537364959716797,2.2950539588928223,2.3115475177764893,2.914120674133301,2.8799660205841064,4.263514518737793,4.267683982849121,2.3265371322631836,2.344442844390869,4.964085578918457,1.2697389501901633,1.2459033407416367,0.15040934085845947,0.11214041709899902
goddess,105.25082476167725,104.0804339069413,95.55369064714047,87.62622489660231,34.4641091297677,32.02012126045692,89.2828372735931,1.1779003143310547,0.822099506855011,2.723824977874756,2.9784202575683594,1.0403987169265747,0.8849551677703857,1.1887682676315308,1.157305359840393,1.4782859086990356,1.5083773136138916,1.3644042015075684,1.227941632270813,1.3103448152542114,1.1426072578559026,1.3077544425236123,0.07260072231292725,0.18029773235321045
goddess,123.83404451400257,120.58404441170259,113.92253789825867,113.68457447502641,22.37953578647132,23.118315584101566,94.62173478842148,1.2024846076965332,0.7975154519081116,3.512944459915161,3.857510566711426,1.5437086820602417,1.528385877609253,2.2546985149383545,2.304386854171753,2.9216108322143555,2.7813832759857178,1.6896069049835205,1.7211623191833496,2.990488290786743,1.4605715965512531,1.5077248358585371,0.0528179407119751,0.29577338695526123
goddess,106.28914806082267,110.4798485684675,106.18916051754084,111.32800379117509,24.339983117172526,23.994932049252682,91.53724618246447,1.1242481470108032,0.875751793384552,3.5315330028533936,3.3065338134765625,1.4328159093856812,1.4134912490844727,2.6384081840515137,2.4802517890930176,3.332489252090454,3.2588491439819336,3.11332368850708,3.1397078037261963,3.0645198822021484,1.841413349304154,1.7546978348834184,0.16473853588104248,0.06500697135925293
goddess,121.03191039798214,122.26535804135219,118.80511337824963,120.6943094398505,22.057542837173173,21.150116810791165,91.06738168013993,1.239109754562378,0.7608903050422668,3.0506248474121094,2.8509042263031006,1.3839298486709595,1.385654330253601,2.2132086753845215,2.2888925075531006,3.1095545291900635,3.057135820388794,1.4115326404571533,1.5349068641662598,3.027183771133423,1.5992191210348037,1.6518483764170924,0.12562739849090576,0.07392466068267822
goddess,104.70663298413928,128.81758517362564,102.25666218566886,125.54574565025982,32.01939986825856,18.380513223775438,97.6704635217438,1.2269690036773682,0.7730311155319214,3.106302261352539,2.9720070362091064,1.4579510688781738,1.2157033681869507,1.8849416971206665,2.0885987281799316,2.4464950561523438,2.329164505004883,1.5062024593353271,1.3941160440444946,2.6129226684570312,1.2928694552839735,1.7180153192134846,0.3412584066390991,0.19905638694763184
goddess,104.004723769889,117.75527573066984,92.79983155628925,100.44198550114749,45.10329673296674,36.70028096116896,87.945630545293,1.225703477859497,0.7742964625358582,3.11922550201416,3.2575974464416504,1.271691083908081,1.1693083047866821,0.9216986298561096,0.8436986207962036,1.3297288417816162,1.4006212949752808,1.195516586303711,1.1443369388580322,1.2141276597976685,0.7247812906278426,0.7215358822019468,0.05615532398223877,0.08806478977203369
goddess,146.2754860917948,112.87635307431358,112.45510030965633,105.68094355624194,15.950454077297346,37.87496502201827,89.87740261989306,1.1315808296203613,0.8684190511703491,3.756462574005127,4.644588947296143,1.4679570198059082,1.6701507568359375,1.6306564807891846,1.329180121421814,1.8897112607955933,1.9029749631881714,1.8130649328231812,1.4264262914657593,1.9928990602493286,1.1108331837750975,0.795843920159635,0.8140770196914673,0.07204151153564453
goddess,83.51841060458953,80.81801443002009,83.0356362855327,85.70877898430028,47.73830409276115,50.90246099833995,89.67287694438507,1.2078025341033936,0.7921975255012512,3.7870864868164062,3.340207099914551,1.4947832822799683,1.501124382019043,1.5183775424957275,1.4437289237976074,1.810459017753601,1.8703550100326538,0.6771664619445801,0.6684895157814026,1.4870318174362183,1.0157837224377104,0.9617643809711377,0.1536881923675537,0.2909008264541626
goddess,120.94006102883841,122.34106345760465,119.133353367826,120.5897411389612,22.17948989886446,21.148924187968568,91.66211124058316,1.2363066673278809,0.7636932730674744,3.065096378326416,2.859636068344116,1.393137812614441,1.3928301334381104,2.214747667312622,2.2968358993530273,3.1195297241210938,3.046415090560913,1.4096386432647705,1.5457568168640137,3.037609815597534,1.5897537612610941,1.6490411825326174,0.16233670711517334,0.04165530204772949
goddess,111.3513830383149,104.44220965742052,102.3703535891876,98.8255255080984,33.19570021229749,35.50981356912067,91.27793180425125,1.2088232040405273,0.7911769151687622,3.178626537322998,3.197028398513794,1.2382756471633911,1.2640199661254883,1.3118561506271362,1.4002200365066528,1.7801364660263062,1.7326135635375977,0.6182258129119873,0.6072637438774109,1.729638695716858,1.0594208924413613,1.1077506418257015,0.02213418483734131,0.0006690025329589844
goddess,120.93286245357775,122.0610941012628,119.40416183404524,120.42081807308064,22.30586086641723,21.323904266594557,90.96777469234132,1.2367119789123535,0.7632880210876465,3.0577712059020996,2.8371427059173584,1.3862202167510986,1.3940446376800537,2.185817003250122,2.2864866256713867,3.1007628440856934,3.0406296253204346,1.409043788909912,1.5253671407699585,3.0176143646240234,1.5768168722543756,1.6401806109278587,0.14581787586212158,0.07440817356109619
goddess,120.33768295335683,123.66568241449941,108.43811657041499,112.0746147891145,22.273698979755558,20.961795801464675,87.75708753494555,1.2109110355377197,0.7890889644622803,3.258342981338501,3.818526268005371,1.3582175970077515,1.3599443435668945,2.1758995056152344,2.200610637664795,2.736710548400879,2.7597506046295166,1.5063732862472534,1.5915331840515137,2.7369794845581055,1.6020245271334748,1.6181610886603612,0.36767446994781494,0.1906815767288208
goddess,117.3877157389844,112.98748652028301,103.8308880583832,103.13053183482786,32.22470081888294,36.0556518738651,89.23771881122111,1.1969883441925049,0.8030115365982056,3.6131556034088135,3.864732027053833,1.4212127923965454,1.566383719444275,1.3482003211975098,1.3689701557159424,1.7669249773025513,1.7758435010910034,1.4050382375717163,1.4163708686828613,1.8594306707382202,0.94862597619749,0.8739680224929852,0.1857532262802124,0.06513571739196777
goddess,127.83900377731437,132.04289143878736,131.30041119712848,130.89120340419774,28.662782460802877,23.61905324724747,91.53479276789082,1.2082850933074951,0.7917150855064392,2.886460781097412,2.5934035778045654,1.5469964742660522,1.4792367219924927,1.2859673500061035,1.5215686559677124,2.366349220275879,2.307469129562378,1.0385075807571411,1.1027145385742188,2.48724627494812,0.8312666125173926,1.0286167215356037,0.22432494163513184,0.06617462635040283
goddess,131.67923139240085,134.32282237936707,122.13068114759398,119.23314264008869,19.82424151535403,19.168056293691787,87.78467907148409,1.2075681686401367,0.7924318909645081,3.016561508178711,3.481665849685669,1.360536813735962,1.3872078657150269,1.9140363931655884,1.8857488632202148,2.22874116897583,2.2799534797668457,0.9783994555473328,0.9975758194923401,2.692246437072754,1.4068233707593543,1.3593835144992525,0.21440112590789795,0.25142788887023926
goddess,114.83365153757602,112.13038349028099,102.01522517396955,106.90134027589801,33.72695581827891,35.39800197931961,89.17933004117572,1.1666041612625122,0.8333959579467773,3.6125385761260986,3.7780115604400635,1.4491080045700073,1.5097966194152832,1.3613126277923584,1.3993581533432007,1.7096660137176514,1.7230682373046875,1.3064361810684204,1.3708587884902954,1.8841252326965332,0.9394135454953573,0.9268514768788325,0.1906050443649292,0.027800559997558594
goddess,125.3902707561298,118.20268639960439,119.62669842961854,114.04847035022841,21.70366509012992,23.850353675411203,90.23459308228078,1.2398607730865479,0.7601391673088074,3.2590343952178955,3.305356740951538,1.4687186479568481,1.453406572341919,2.1576216220855713,2.2103307247161865,3.177121162414551,3.189473867416382,1.5590291023254395,1.518284797668457,2.9390645027160645,1.4690493349680875,1.5207920797843477,0.04509258270263672,0.0028609037399291992
goddess,120.28815452938669,112.01822158962312,114.25971493459298,105.43548659012947,21.376059750754585,22.819655230299084,91.61918213855002,1.2499438524246216,0.7500561475753784,3.1352169513702393,3.271857976913452,1.2968093156814575,1.3221220970153809,2.206852674484253,2.4173433780670166,3.197640895843506,3.1263859272003174,1.6919434070587158,1.714847207069397,2.849905490875244,1.7017544106476201,1.8283799621412216,0.0029734373092651367,0.15233349800109863
goddess,99.70645045330284,101.99355550985841,91.85750246394406,91.03488627797694,34.35313341992899,32.301638335270276,91.22381329079664,1.2413986921310425,0.7586012482643127,3.2802090644836426,3.4431629180908203,1.2577649354934692,1.2896950244903564,1.6017440557479858,1.727434754371643,2.109503746032715,2.0534629821777344,1.2692314386367798,1.2092205286026,1.8427538871765137,1.2734834125711643,1.3394123278423427,0.0013968944549560547,0.16337788105010986
goddess,160.70733313359904,158.04409467099927,135.5433621152399,143.9759074518226,10.72095096481983,12.854121655478087,90.68520329484426,1.2089622020721436,0.7910378575325012,2.3949100971221924,2.8925650119781494,1.4065009355545044,1.4780505895614624,1.1269155740737915,1.0509811639785767,1.8552632331848145,1.8686628341674805,1.4187837839126587,1.4388943910598755,2.258521795272827,0.8012186443451372,0.7110585120309655,0.34833621978759766,0.15219879150390625
goddess,97.92822879979047,95.50190708810398,99.81150523055466,88.27548377696012,48.063962975298665,46.92653574360055,86.66893685379128,1.151360034942627,0.8486400842666626,3.9663937091827393,3.832362651824951,1.6098551750183105,1.5535938739776611,1.2103934288024902,1.2968300580978394,1.5506131649017334,1.5251332521438599,1.5358262062072754,1.2952921390533447,1.5204505920410156,0.7518643265065112,0.8347285896853998,0.08889377117156982,0.042069315910339355
goddess,132.92237661247012,137.35891724115513,124.02368903307932,123.65134678691896,18.48630265426875,16.707733617158,89.53601023311145,1.241959810256958,0.758040189743042,3.066023588180542,3.5585505962371826,1.4876632690429688,1.476036548614502,2.2453017234802246,2.2453291416168213,2.760068655014038,2.7969701290130615,1.1388294696807861,1.0260590314865112,3.1604325771331787,1.5092798625355524,1.5211870075557516,0.16947662830352783,0.3232088088989258
goddess,108.02016243529287,107.56829150145437,102.77133586544203,102.8736035362887,36.505885544810056,37.51479282251873,87.79190365373842,1.2550565004348755,0.744943380355835,3.6269655227661133,3.5138437747955322,1.5597412586212158,1.5099656581878662,1.5215349197387695,1.4192674160003662,1.9920371770858765,2.1007297039031982,1.6782281398773193,1.5267059803009033,1.9946818351745605,0.9755040689118594,0.9399329503763021,0.002063155174255371,0.11157369613647461
goddess,138.32060027249733,93.84392687476377,160.0366467244312,115.54472893578318,18.16288928874821,36.566984328873446,92.56856725099465,1.2231210470199585,0.7768788933753967,1.804192066192627,1.7552310228347778,1.8898226022720337,1.7804125547409058,2.4190452098846436,2.275458812713623,3.4409213066101074,3.353739023208618,1.6605961322784424,0.9090723991394043,3.4910736083984375,1.2800375691024046,1.278050712799004,0.643783688545227,0.8869794607162476
goddess,118.97497134159897,123.24066552207105,111.61598356505236,115.77571207067977,23.387292421758055,21.05853347935285,92.60345429720185,1.1972129344940186,0.802787184715271,3.1939313411712646,3.43183970451355,1.3639827966690063,1.347044587135315,2.0983774662017822,2.187655210494995,2.7264297008514404,2.61088228225708,1.043517827987671,1.0331281423568726,2.774474620819092,1.538418177199937,1.6240394767539805,0.021815061569213867,0.2181929349899292
goddess,111.01888960699178,113.35259948358969,106.13868091801564,110.16704232338003,25.877842893292005,25.459174047393564,92.72623627050716,1.210089921951294,0.789910078048706,3.2435779571533203,3.2093734741210938,1.3141956329345703,1.3451502323150635,2.0575153827667236,2.060699462890625,2.690316915512085,2.6369552612304688,1.3885897397994995,1.5335441827774048,2.5715487003326416,1.565606950439631,1.5319463071405526,0.08294343948364258,0.04879879951477051
goddess,104.02788554535576,105.82489371507663,106.39965252507777,104.65967881012327,32.33089000845801,28.381348106648606,90.78813037611552,1.230833649635315,0.7691662907600403,3.374626398086548,2.9976084232330322,1.4487619400024414,1.333731770515442,1.869547963142395,2.011338949203491,2.7025978565216064,2.6258745193481445,1.274915337562561,1.2794756889343262,2.41904878616333,1.2904443587846364,1.5080524327419638,0.26288437843322754,0.10927391052246094
goddess,121.64655230778634,92.7455939854498,122.53669933270524,92.3138006902435,14.40722017970203,29.345923654418442,91.20584353597232,1.1376619338989258,0.862338125705719,3.3334686756134033,3.186696767807007,1.1153044700622559,1.5146079063415527,3.110788345336914,2.6182940006256104,3.1949429512023926,3.09421968460083,1.3405237197875977,0.6848011016845703,3.263476848602295,2.7891805687667537,1.7286931231310023,0.2491593360900879,0.04303562641143799
goddess,132.92237661247012,137.35891724115513,124.02368903307932,123.65134678691896,18.48630265426875,16.707733617158,89.53601023311145,1.241959810256958,0.758040189743042,3.066023588180542,3.5585505962371826,1.4876632690429688,1.476036548614502,2.2453017234802246,2.2453291416168213,2.760068655014038,2.7969701290130615,1.1388294696807861,1.0260590314865112,3.1604325771331787,1.5092798625355524,1.5211870075557516,0.16947662830352783,0.3232088088989258
goddess,138.540825732909,138.3515835429113,134.96439607009327,130.9472408144187,18.7685128754285,18.683455299908523,93.66587755593714,1.218544363975525,0.7814555764198303,3.0167319774627686,3.1048583984375,1.6288403272628784,1.6634116172790527,1.952894687652588,2.026005506515503,2.9534504413604736,2.905988931655884,1.9836722612380981,1.9333562850952148,3.197115659713745,1.1989471626031567,1.2179813267435509,0.146917462348938,0.23904657363891602
goddess,94.26731829990956,100.86591619810244,96.92224381411437,94.52443322106697,44.32615703692612,41.06865262455244,96.0571440559031,1.1768338680267334,0.8231661915779114,3.4758517742156982,3.2975292205810547,1.3110307455062866,1.400259256362915,1.240962028503418,1.314146876335144,1.8055697679519653,1.6002026796340942,1.657318115234375,1.779762864112854,1.5506346225738525,0.9465537602403293,0.9385018751789437,0.30638015270233154,0.13960421085357666
goddess,131.07079146090567,119.57845354855262,119.86358652143706,118.43319691416778,24.373180602188295,30.399636451341426,92.10045387348052,1.2365753650665283,0.7634246945381165,3.0078470706939697,3.018821954727173,1.3537064790725708,1.388783574104309,1.3632363080978394,1.3731478452682495,2.321322441101074,2.257091999053955,1.627694845199585,1.5881743431091309,2.1527631282806396,1.0070390606335402,0.9887407095905106,0.07763350009918213,0.06619811058044434
goddess,112.1073527307367,116.98440070637012,109.3921105549041,115.138999291365,25.99025914417929,22.78416011158575,91.93709634262459,1.2148704528808594,0.7851296067237854,3.46037220954895,3.318427085876465,1.5509592294692993,1.4355205297470093,2.3637285232543945,2.394172191619873,3.149771213531494,3.0490102767944336,0.6901790499687195,0.6833000779151917,3.0367510318756104,1.5240419956243525,1.667806537211471,0.12980663776397705,0.01143503189086914
goddess,113.47190103123893,105.20216410744834,106.01037614663294,100.78264566711383,30.255455712940268,34.73570280144646,88.98741924503422,1.2276248931884766,0.7723750472068787,3.214127779006958,3.1764307022094727,1.2886123657226562,1.3115967512130737,1.5130891799926758,1.4815367460250854,1.9499727487564087,1.9493412971496582,1.320723056793213,1.2479201555252075,1.9425777196884155,1.174199507968112,1.129566396903958,0.046698808670043945,0.08530235290527344
goddess,123.34306297512747,127.6305618988987,123.10045023581577,125.19373347265,26.414103393952644,25.828174640216606,91.55529667472939,1.1904445886611938,0.8095553517341614,2.901390314102173,2.702279567718506,1.3173906803131104,1.3886042833328247,1.491551160812378,1.4242007732391357,2.115464210510254,2.072688579559326,1.296512484550476,1.2442340850830078,2.3130440711975098,1.1322002279973975,1.0256339870901812,0.1681426763534546,0.031682610511779785
goddess,121.64655230778634,92.7455939854498,122.53669933270524,92.3138006902435,14.40722017970203,29.345923654418442,91.20584353597232,1.1376619338989258,0.862338125705719,3.3334686756134033,3.186696767807007,1.1153044700622559,1.5146079063415527,3.110788345336914,2.6182940006256104,3.1949429512023926,3.09421968460083,1.3405237197875977,0.6848011016845703,3.263476848602295,2.7891805687667537,1.7286931231310023,0.2491593360900879,0.04303562641143799
goddess,143.821281824179,121.55875933955444,137.98450084372573,125.85217317644053,19.90453459987829,30.93168809484295,86.25309978643963,1.2082393169403076,0.7917607426643372,2.670273780822754,2.5268595218658447,1.4788861274719238,1.263116478919983,1.217301368713379,1.13504159450531,2.426374912261963,2.399864912033081,1.741531252861023,1.8746066093444824,2.173314332962036,0.8231198622942163,0.89860334723245,0.0977773666381836,0.2567178010940552
goddess,123.34666049147386,120.18863525914098,119.36832090908479,115.76701066090128,19.26758530835463,20.45983084856514,91.51054805687508,1.243418574333191,0.7565813660621643,2.9775733947753906,2.9409399032592773,1.2981690168380737,1.3265048265457153,2.3886878490448,2.4062464237213135,3.038001775741577,2.986119270324707,1.7254623174667358,1.7419483661651611,3.096304178237915,1.8400423812459312,1.8139735051049828,0.08862090110778809,0.05283689498901367
goddess,87.52987370301021,86.18650550633593,86.69182536539874,89.70506373863167,45.46036102917082,47.97876410750743,89.35349071014699,1.185385823249817,0.8146141767501831,3.6487956047058105,3.279517889022827,1.4184738397598267,1.4241372346878052,1.455697774887085,1.375131368637085,1.6990426778793335,1.7468270063400269,0.6635924577713013,0.6665877103805542,1.5119348764419556,1.026241519471407,0.9655884064783478,0.12157726287841797,0.2451237440109253
goddess,127.83900377731437,132.04289143878736,131.30041119712848,130.89120340419774,28.662782460802877,23.61905324724747,91.53479276789082,1.2082850933074951,0.7917150855064392,2.886460781097412,2.5934035778045654,1.5469964742660522,1.4792367219924927,1.2859673500061035,1.5215686559677124,2.366349220275879,2.307469129562378,1.0385075807571411,1.1027145385742188,2.48724627494812,0.8312666125173926,1.0286167215356037,0.22432494163513184,0.06617462635040283
goddess,73.63341461777213,89.31680859977928,89.67531190646231,92.32000095389729,67.38261894165483,59.22752779812864,92.71109443241969,1.2240087985992432,0.7759913206100464,3.5245158672332764,2.906975746154785,1.38503098487854,1.4179874658584595,0.9439206123352051,0.8612147569656372,1.2679194211959839,1.2274465560913086,1.282561182975769,1.4116886854171753,1.123645544052124,0.6815153892767191,0.6073496207490321,0.45620620250701904,0.16106951236724854
goddess,112.30002786473888,118.45424982957545,110.1737475664434,118.1145805352377,36.40578962896517,35.24466092886155,92.22439389793804,1.2465304136276245,0.7534695267677307,3.0248758792877197,2.776787519454956,1.2995731830596924,1.375397801399231,1.1373884677886963,1.0560659170150757,1.8729798793792725,1.82231605052948,0.952018141746521,0.9734964966773987,1.7953320741653442,0.8752008793456106,0.7678252416249824,0.15135526657104492,0.09564352035522461
goddess,94.26731829990956,100.86591619810244,96.92224381411437,94.52443322106697,44.32615703692612,41.06865262455244,96.0571440559031,1.1768338680267334,0.8231661915779114,3.4758517742156982,3.2975292205810547,1.3110307455062866,1.400259256362915,1.240962028503418,1.314146876335144,1.8055697679519653,1.6002026796340942,1.657318115234375,1.779762864112854,1.5506346225738525,0.9465537602403293,0.9385018751789437,0.30638015270233154,0.13960421085357666
goddess,102.80474017363075,116.64324355884683,90.62861066166838,102.39063709310354,45.91767999198993,37.59906795346262,89.737331450462,1.2192292213439941,0.7807708978652954,3.1422464847564697,3.2541072368621826,1.2886772155761719,1.1651873588562012,0.9313982725143433,0.8299031257629395,1.3366954326629639,1.3960435390472412,1.1769829988479614,1.1393027305603027,1.2071634531021118,0.7227547274847914,0.7122480408039846,0.04806375503540039,0.07111382484436035
goddess,123.18968520175474,128.6574214941382,124.15443848853523,126.0125123053511,27.086731610870604,25.54149018083681,93.0690048277809,1.185767650604248,0.8142324686050415,2.9485669136047363,2.7330591678619385,1.3556737899780273,1.4373669624328613,1.476186752319336,1.4509801864624023,2.154815435409546,2.0608065128326416,1.2826915979385376,1.3023658990859985,2.3601715564727783,1.088894448161319,1.0094702431008002,0.23002362251281738,0.014121294021606445
goddess,118.79975467810826,123.38744546674037,118.5709977015967,120.99275694253792,27.410902890356592,25.93722326363844,93.1508956473117,1.2186827659606934,0.7813172936439514,3.1310412883758545,2.890052556991577,1.4108771085739136,1.4634977579116821,1.7043867111206055,1.7070417404174805,2.3670406341552734,2.290163040161133,1.006952166557312,0.9684352278709412,2.5290842056274414,1.2080325725964836,1.1664114719532244,0.24313831329345703,0.002636432647705078
goddess,108.09573505908136,105.0630890349072,101.9663936400941,96.72632635265566,35.68774181091034,36.28855854672565,89.47494253937582,1.2465662956237793,0.753433883190155,3.0322821140289307,2.9644696712493896,1.190158486366272,1.2076796293258667,1.2054002285003662,1.2743778228759766,1.6378095149993896,1.6044507026672363,1.2253378629684448,1.2097091674804688,1.6120363473892212,1.0128056300930108,1.0552275096002333,0.0426408052444458,0.02339482307434082
goddess,95.01142918597577,94.74476870952276,90.8033652656317,94.14924363252624,32.268115846313336,31.533946442084737,94.7825453277963,1.2662593126296997,0.7337406873703003,3.6726183891296387,3.4314677715301514,1.5151422023773193,1.4524223804473877,2.258145570755005,2.238736867904663,2.816688299179077,2.7161242961883545,2.724025011062622,2.5431864261627197,2.4508166313171387,1.4903842535886282,1.5413803564736535,0.2342299222946167,0.007855534553527832
goddess,97.62289924442604,91.15949115860695,88.0586638282155,87.55910130668754,37.74139064498989,37.10486782526963,88.25133819200137,1.2543153762817383,0.7456846237182617,3.2377822399139404,3.228811502456665,1.2774494886398315,1.222243309020996,1.4663194417953491,1.5907461643218994,2.1741044521331787,2.207021474838257,1.543148398399353,1.6444445848464966,1.6274574995040894,1.147848354856098,1.3014960696328128,0.11767053604125977,0.1319417953491211
goddess,129.91560445582445,125.0543585797034,127.34080774693368,125.50167410004967,24.290576065207407,25.355140710784656,93.70012939260958,1.1933820247650146,0.8066180348396301,3.193552255630493,2.9973719120025635,1.5722719430923462,1.5743257999420166,1.6631219387054443,1.8153852224349976,2.6675567626953125,2.5541634559631348,1.2794195413589478,1.3690494298934937,2.760892868041992,1.0577819493824123,1.1531184138527397,0.15260589122772217,0.033924221992492676
goddess,106.68358342345891,103.93787472767792,101.25583773015987,95.73530323306399,35.240157080710674,36.7923551005136,90.3385094416944,1.2325174808502197,0.7674822807312012,3.0376973152160645,2.9714884757995605,1.1846548318862915,1.1870765686035156,1.2661726474761963,1.2545762062072754,1.6320154666900635,1.5860919952392578,1.222676396369934,1.225101113319397,1.6030564308166504,1.0688105468236357,1.0568611853083583,0.06889331340789795,0.002045750617980957
goddess,124.7318808854831,128.5136793301887,131.78978394983574,137.68611012897176,29.410352010886545,29.359140045487756,92.51231933867481,1.2112336158752441,0.7887665033340454,2.767942428588867,2.2107579708099365,1.4690604209899902,1.5709047317504883,1.3047525882720947,1.2068618535995483,2.630845785140991,2.586115598678589,1.6365809440612793,1.5822784900665283,2.3788998126983643,0.888153871328832,0.7682586097987693,0.31925463676452637,0.23715686798095703
goddess,85.88337380682206,90.54824491909774,92.64286066162974,94.64054752374739,50.55568894569129,46.766919209869314,89.68292961624937,1.2244274616241455,0.7755725383758545,3.337669849395752,2.783785581588745,1.3431665897369385,1.2728081941604614,1.1986010074615479,1.1843962669372559,1.6023406982421875,1.6187942028045654,1.3045376539230347,1.2385215759277344,1.4221149682998657,0.8923689170435507,0.9305371711417262,0.2999974489212036,0.25391244888305664
goddess,94.45933194379508,111.50627578536695,92.01183408468611,107.04227366028763,25.787069643313,17.129300325709213,88.07396763799072,1.229318618774414,0.7706813812255859,3.1606383323669434,3.0831964015960693,1.412131905555725,1.0536285638809204,2.8041751384735107,2.794375419616699,3.102064371109009,3.1023192405700684,2.8910434246063232,2.8766579627990723,3.07099986076355,1.985772817445938,2.6521421905854146,0.0063817501068115234,0.08313345909118652
goddess,109.41665390341342,126.34317489694465,101.27406694840401,104.02420446107747,40.46119367039732,22.04986633139773,90.50141195475372,1.2531335353851318,0.7468664646148682,2.2928829193115234,2.4187252521514893,1.0924471616744995,0.5791444778442383,0.8448324799537659,0.8085046410560608,1.374143362045288,1.3252636194229126,1.3710983991622925,1.2729456424713135,1.1543033123016357,0.7733387355046766,1.3960303101486167,0.04413247108459473,0.165166437625885
goddess,111.45391596939156,111.07329448489769,104.51260426268979,100.86778793688049,24.425973910489617,25.014852471945307,89.78518761137612,1.2217299938201904,0.7782699465751648,2.9137279987335205,3.136032819747925,1.1229785680770874,1.121209979057312,1.8905590772628784,1.8389742374420166,2.4977235794067383,2.4446256160736084,1.5731852054595947,1.4935295581817627,2.2056918144226074,1.683520458435536,1.6401678825765542,0.06724512577056885,0.15264952182769775
goddess,105.03421455750933,105.57111543076188,101.36430035835619,101.8138616763975,38.541274683660966,38.377553719322485,90.04937106167407,1.2386558055877686,0.7613442540168762,3.0366203784942627,2.845581531524658,1.204357385635376,1.2181813716888428,1.147693395614624,1.1547434329986572,1.6300352811813354,1.610976219177246,1.0451008081436157,1.0878050327301025,1.5627933740615845,0.9529500598022926,0.947923282946349,0.09608304500579834,0.09495210647583008
goddess,114.46657785177527,118.29600585819978,114.44776290624299,116.93316468146126,23.280136867458,23.540348640449572,93.09480250366381,1.1572856903076172,0.8427144289016724,3.5559427738189697,3.3674509525299072,1.5195252895355225,1.5685932636260986,2.5852038860321045,2.4267947673797607,3.207103967666626,3.1421658992767334,2.981377363204956,3.1868958473205566,3.2416958808898926,1.7013222501219973,1.5471143964085214,0.2644832134246826,0.06792092323303223
goddess,123.34306297512747,127.6305618988987,123.10045023581577,125.19373347265,26.414103393952644,25.828174640216606,91.55529667472939,1.1904445886611938,0.8095553517341614,2.901390314102173,2.702279567718506,1.3173906803131104,1.3886042833328247,1.491551160812378,1.4242007732391357,2.115464210510254,2.072688579559326,1.296512484550476,1.2442340850830078,2.3130440711975098,1.1322002279973975,1.0256339870901812,0.1681426763534546,0.031682610511779785
goddess,143.821281824179,121.55875933955444,137.98450084372573,125.85217317644053,19.90453459987829,30.93168809484295,86.25309978643963,1.2082393169403076,0.7917607426643372,2.670273780822754,2.5268595218658447,1.4788861274719238,1.263116478919983,1.217301368713379,1.13504159450531,2.426374912261963,2.399864912033081,1.741531252861023,1.8746066093444824,2.173314332962036,0.8231198622942163,0.89860334723245,0.0977773666381836,0.2567178010940552
goddess,105.98180394696696,118.58505215683053,106.71815623434276,108.02547757111361,40.99798359321171,29.62899974238383,88.18194019747088,1.1712474822998047,0.8287525773048401,3.4944467544555664,3.567584276199341,1.4080463647842407,1.4697420597076416,1.1695969104766846,1.5659608840942383,2.121845006942749,2.1083714962005615,1.5368860960006714,1.669370412826538,1.9075703620910645,0.830651680993633,1.065465745016504,0.07263505458831787,0.11113238334655762
goddess,132.35884579130206,135.5305929696216,126.26670918963474,126.72588380214458,20.174330550026145,18.78931635684308,95.58839450339264,1.2178698778152466,0.7821299433708191,3.0993480682373047,3.3600292205810547,1.482475757598877,1.5585044622421265,1.9826452732086182,2.096843719482422,3.2479746341705322,3.1254312992095947,1.8554044961929321,1.996793270111084,3.020967721939087,1.3373870875519487,1.345419551155003,0.11383211612701416,0.3802812099456787
goddess,105.31050638872645,109.80741286393027,106.65682155533439,110.4356021256539,35.073279574407195,31.933915079028928,92.40370335699319,1.2277284860610962,0.7722715139389038,3.35245418548584,3.016317367553711,1.4359391927719116,1.3794829845428467,1.5934168100357056,1.6149139404296875,2.6088876724243164,2.5623018741607666,1.1326521635055542,1.0941908359527588,2.1577014923095703,1.109667949999926,1.1706652331776517,0.242284893989563,0.09328460693359375
goddess,87.50871892463101,85.15023220704789,96.01068219134889,99.62773491342435,59.515015647255034,60.11051967421018,90.9911451671703,1.2302255630493164,0.769774317741394,2.913950204849243,2.313983917236328,1.1355535984039307,1.1511900424957275,0.7172189950942993,0.7566389441490173,1.0702369213104248,1.055732250213623,1.0245418548583984,1.0637792348861694,1.0701630115509033,0.6316023871528331,0.6572661845150046,0.2676435708999634,0.3326117992401123
goddess,133.5454808293463,126.82060128667122,133.51995881062217,126.76629154950376,20.906779146706207,22.916016180121844,93.34638422192215,1.214324951171875,0.7856751084327698,3.246467113494873,2.9615509510040283,1.7555434703826904,1.6636492013931274,2.1216318607330322,2.1532580852508545,3.2498083114624023,3.137687921524048,1.3953824043273926,1.4292834997177124,3.3200602531433105,1.2085321087141352,1.2942973729980818,0.2620037794113159,0.0190579891204834
goddess,97.21930884669172,97.65456669150836,93.31039323645479,91.70317823798581,27.849576934869848,27.865275730118732,86.79281254143653,1.2136764526367188,0.7863233685493469,3.1917917728424072,3.253695249557495,1.166661024093628,1.255481243133545,2.0440192222595215,2.186278820037842,2.9455525875091553,2.9744272232055664,2.5250003337860107,2.4091405868530273,2.2555344104766846,1.7520234481340102,1.741385696209555,0.10573649406433105,0.052130818367004395
goddess,111.17715560010892,105.94252183494277,93.81786226329575,88.41335921446274,42.35113260915554,44.87068049430058,89.09683128696695,1.2289776802062988,0.7710223197937012,3.3803462982177734,3.5546584129333496,1.338288426399231,1.33950674533844,0.8855194449424744,0.925887405872345,1.1219509840011597,1.1076431274414062,1.4280370473861694,1.2930182218551636,1.2020248174667358,0.6616800726917731,0.6912146712809117,0.09979403018951416,0.0755389928817749
goddess,94.37852965890357,84.16538203291272,92.4171407315193,88.69905820154361,31.67099403791556,33.24112616412477,87.76261748064597,1.2268028259277344,0.7731972336769104,3.80220365524292,3.2696692943573,1.5453264713287354,1.4991801977157593,2.3796417713165283,2.427955150604248,2.5419270992279053,2.6052606105804443,2.325516700744629,2.4697024822235107,2.539314031600952,1.5398948219502082,1.6195208119629725,0.03785347938537598,0.49471259117126465
goddess,145.52209145173813,113.01959761629584,114.67215387097251,102.22331648998696,15.010990431609839,34.573268022631986,88.00934713890288,1.1985669136047363,0.8014329671859741,3.222163200378418,4.018514156341553,1.274156093597412,1.3928492069244385,1.6394634246826172,1.3154629468917847,1.7890902757644653,1.8182847499847412,1.8918964862823486,1.3492610454559326,1.958561897277832,1.2867043105758738,0.9444396392031753,0.7309738397598267,0.05843651294708252
goddess,121.99513164595898,113.48085182599777,104.35976660135849,106.28881183815662,30.641267370333246,36.49629197065245,89.58368989494357,1.1938502788543701,0.8061497807502747,3.263324022293091,3.4810009002685547,1.27373206615448,1.382555365562439,1.148709774017334,1.163062334060669,1.5992670059204102,1.5938968658447266,1.2197033166885376,1.290018916130066,1.651884913444519,0.9018449819202676,0.8412404463434101,0.22091519832611084,0.004294395446777344
plank,168.16530387957275,177.32796981060346,176.9768325333817,177.07450337934,6.010010548222145,1.3307507992850283,77.81748304924736,1.2092400789260864,0.7907599210739136,0.5357046723365784,0.9575729966163635,3.9254207611083984,4.073086738586426,3.8048477172851562,4.103765487670898,4.845390796661377,5.255094528198242,5.307384490966797,6.444643974304199,7.931858539581299,0.9692837990001878,1.0075318164138343,1.586051344871521,1.4033886194229126
plank,178.4834099369237,177.2430948329753,177.53105526456386,178.92261815248028,0.8001526743603011,1.4069478699704465,94.01762099798671,1.1719496250152588,0.8280501961708069,1.0971311330795288,3.1793227195739746,22.028642654418945,22.69391632080078,19.721708297729492,21.769237518310547,28.041723251342773,28.354724884033203,45.99597930908203,51.594722747802734,43.09401321411133,0.895275651425471,0.9592542887409441,2.899331569671631,2.806056022644043
plank,178.18113128538155,179.78785790640129,134.80199574510516,138.1993602135028,0.9242921387924042,0.11364091540157657,131.57386480069465,1.5331964492797852,0.46680358052253723,0.30473315715789795,0.7663431763648987,6.637993812561035,6.644701957702637,6.423788547515869,5.929420471191406,7.876171588897705,6.931568622589111,11.708768844604492,9.93874454498291,12.816486358642578,0.9677302753175063,0.8923529778434919,0.3303816020488739,0.3387855291366577
plank,173.9410663171844,179.65225764691976,162.6497110424289,167.21244018782863,3.2005728204205233,0.18767184827349362,86.69145638773954,0.1691577434539795,1.83084237575531,1.985304832458496,3.1774675846099854,13.586326599121094,13.015210151672363,12.135431289672852,11.214338302612305,20.01646614074707,18.551837921142578,31.647764205932617,24.607072830200195,24.95697784423828,0.8932090884116396,0.8616332206928,1.4099018573760986,2.0525991916656494
plank,167.92543257486378,171.80911287153586,175.40423688726167,176.13238731854096,6.035658386871592,4.263653578583776,101.76635578135047,1.410707950592041,0.5892922282218933,0.3712543249130249,0.9979798793792725,11.025280952453613,11.170669555664062,11.03128433227539,10.290609359741211,14.04650592803955,13.355496406555176,23.5366153717041,21.340967178344727,21.669321060180664,1.0005444196209823,0.9212167979050624,0.5701037645339966,0.4191359877586365
plank,177.84350680989178,179.65169540981353,174.33929143897234,172.3932061764161,1.128999079122317,0.19179700087998583,9.671117412827389,1.2542290687561035,0.7457711100578308,0.7688578963279724,1.254902958869934,4.7261128425598145,4.701707363128662,4.300171852111816,3.8191866874694824,6.0250773429870605,6.516503810882568,11.649886131286621,9.950928688049316,8.772668838500977,0.9098747925595262,0.8122976570431258,4.1660027503967285,3.674119472503662
plank,158.99119196885894,165.3287602709642,160.7616730806978,162.7120720583329,11.40055694168152,7.4814685570816355,76.23674123483396,1.0724315643310547,0.9275684356689453,0.5544050335884094,1.3657835721969604,7.667872428894043,7.552262306213379,6.474761009216309,7.259407043457031,8.742310523986816,9.198622703552246,12.748881340026855,14.137235641479492,14.29881477355957,0.8444011327597226,0.961222715511599,1.6853514909744263,1.456059455871582
plank,176.58510608479827,178.96014188553505,151.04682387954873,152.66651760863002,1.746972709639175,0.5428461908500587,173.79734061624123,1.5567359924316406,0.4432641863822937,1.3318099975585938,2.5447404384613037,21.305505752563477,20.65662956237793,20.337827682495117,18.931106567382812,23.647558212280273,21.75304412841797,41.106040954589844,36.81050491333008,40.60467529296875,0.9545808001045585,0.9164663380223381,17.271591186523438,15.992118835449219
plank,169.44857138858976,165.3924585420416,168.5484157548265,166.89115550354532,5.473212513489916,8.023774264797286,65.98396020132871,1.1284910440444946,0.8715090155601501,0.21369391679763794,0.23353716731071472,4.39660120010376,4.872009754180908,4.080147743225098,4.001883029937744,4.724860668182373,4.664732456207275,10.966602325439453,10.493477821350098,8.615970611572266,0.9280229498881672,0.8214027496765138,1.5882537364959717,1.6627719402313232
plank,177.75379805796274,157.3759273432169,156.37466549538186,150.57398325422145,1.3856451877255112,14.284495657083571,141.15251025654322,1.3285720348358154,0.6714280843734741,0.356513649225235,0.42531412839889526,1.2107990980148315,1.2735185623168945,0.7520373463630676,0.7486145496368408,1.9891366958618164,1.402457594871521,4.1486945152282715,4.739750385284424,1.9690234661102295,0.6211077679924797,0.5878312134247062,0.37657713890075684,0.4565553665161133
plank,155.19144567596223,152.92366539809805,165.7536308792168,168.67310524349796,13.223811143385822,14.847583920157671,112.26376852569176,1.2218302488327026,0.7781698107719421,0.8170168399810791,1.0813738107681274,5.097720146179199,4.922636032104492,4.475113868713379,4.069055080413818,6.173459053039551,5.550904273986816,8.838129043579102,7.5665740966796875,9.04722785949707,0.8778655678464343,0.8266006723380626,2.537269115447998,2.397901773452759
plank,173.68692241445603,170.70132055807852,178.10287038834576,178.68017581764565,3.3535125006056408,5.00722921436332,97.54836999018403,1.2256379127502441,0.7743620276451111,0.41002538800239563,0.6226370930671692,8.635062217712402,8.585527420043945,7.621979236602783,7.360561370849609,10.466718673706055,9.969236373901367,17.673973083496094,15.506139755249023,16.06037139892578,0.8826778732746783,0.8573218805805239,2.2507975101470947,2.1125376224517822
plank,164.8247394605776,168.4961561816624,179.4098334296582,176.6090404248664,7.956505566622938,5.949660354844641,110.70659626311534,1.003819465637207,0.996180534362793,0.5638335943222046,0.6706053018569946,7.938831329345703,7.881812572479248,7.206832408905029,7.359555244445801,9.946407318115234,10.221023559570312,14.514059066772461,15.536727905273438,15.082918167114258,0.9077950144210939,0.93373881236458,0.8285079002380371,0.6854209899902344
plank,175.9210005559495,179.21241808553714,163.54159748699422,165.50542844795297,2.1773571612352147,0.40153848775030787,72.63215748401971,1.0744459629058838,0.9255538582801819,0.3112766742706299,0.8523615598678589,10.451454162597656,10.086835861206055,9.127192497253418,9.680485725402832,12.007705688476562,12.77310848236084,17.499534606933594,19.01249122619629,19.66503143310547,0.8732939437865704,0.9597147112226978,0.7127078771591187,0.6989379525184631
plank,178.73313186153655,174.46080154761415,178.04595470889734,166.82313289358618,0.6804130060734475,3.1212971109890044,38.147602993563126,1.288844108581543,0.7111561298370361,0.7919670939445496,1.2366783618927002,4.256453514099121,4.172428131103516,3.668168306350708,3.232750177383423,5.716585159301758,6.039704322814941,12.744314193725586,9.987071990966797,7.660401821136475,0.8617896172037623,0.7747885166664129,2.6517035961151123,2.4332878589630127
plank,178.4286549692349,179.47288134276732,142.94063021610464,144.38228019227773,0.7795908986050293,0.28254863011927855,119.64980288576236,1.33119797706604,0.6688020825386047,0.34982869029045105,0.9905615448951721,6.255712032318115,6.4194254875183105,6.348658084869385,5.6168951988220215,7.424826622009277,6.767922878265381,11.488537788391113,10.062446594238281,12.318675994873047,1.0148576272714396,0.8749839584179832,0.784408450126648,0.7338306903839111
plank,174.79545518425437,178.44140978489938,176.50800248228967,163.96088107374743,2.7561240334484465,0.7989289916604276,121.8282899056093,1.333105444908142,0.6668945550918579,0.4346993863582611,0.3128294348716736,1.1369783878326416,1.0477558374404907,1.010077714920044,0.9952390193939209,1.4980026483535767,1.0426838397979736,1.8346102237701416,1.8118737936019897,2.086329460144043,0.8883870065978039,0.9498759481495127,0.6480473279953003,0.5297940373420715
plank,175.3949121152,177.14219957625858,170.88322214967116,170.32045214728046,2.2728808692723184,1.5313572225280925,128.37410216775072,1.4050078392028809,0.5949918627738953,0.46073129773139954,2.497901678085327,10.679147720336914,10.454089164733887,10.956765174865723,9.057002067565918,13.693825721740723,12.67945671081543,18.931026458740234,16.191015243530273,20.561229705810547,1.0259961221440927,0.8663596663934521,4.759771347045898,4.578892707824707
plank,177.271858612391,176.51389465872123,162.36787628510353,164.8539901233359,1.4720646677743754,1.8045016963266916,94.29798264063075,1.0946012735366821,0.9053986668586731,0.637287437915802,0.8906000256538391,4.4771199226379395,4.456231594085693,3.8208656311035156,4.153173446655273,5.600259780883789,5.890892028808594,9.618536949157715,10.93297004699707,8.440559387207031,0.8534202441984177,0.9319920715465706,1.3421578407287598,1.0512551069259644
plank,177.12601152258628,173.08125345079887,177.30136384243454,172.98364887595585,1.4262873599955321,3.644218565565899,90.66910395334244,1.0619429349899292,0.9380572438240051,0.13803675770759583,0.706856906414032,7.795768737792969,8.234082221984863,7.912276268005371,7.399634838104248,9.825236320495605,9.32181453704834,16.147930145263672,13.906139373779297,15.644366264343262,1.0149448398466148,0.8986592239373229,0.22233203053474426,0.030435144901275635
plank,170.98883753791102,177.17249888545297,169.26919517523913,173.2527606749575,4.62753476174818,1.4218900911793872,103.95981841411486,0.9469459056854248,1.053053855895996,0.38199084997177124,0.38871222734451294,13.64674186706543,13.142433166503906,12.928852081298828,12.989310264587402,15.359294891357422,15.775420188903809,23.59268569946289,24.855785369873047,26.30690574645996,0.9473947158849799,0.9883488933650686,3.5290141105651855,3.9541196823120117
plank,179.5960323301021,178.1861953544131,167.56439770548187,170.42024341736922,0.2007689357290851,0.9650977319197926,122.88220357512131,1.6035113334655762,0.3964885175228119,0.24645201861858368,1.6135140657424927,12.791972160339355,13.0228271484375,12.910493850708008,11.44739055633545,16.250774383544922,15.031943321228027,24.857269287109375,22.381332397460938,25.084623336791992,1.0092652391373145,0.879024926525574,4.854319095611572,4.455805778503418
plank,161.39054448262794,167.61961225468494,178.26528073914122,176.20924754374505,10.190185026259725,6.567487568389687,122.91610629414424,1.0039687156677246,0.9960310459136963,0.43936359882354736,0.5788939595222473,6.749029636383057,6.4683403968811035,5.585474967956543,5.727782249450684,8.444689750671387,8.625701904296875,16.11817741394043,17.44908905029297,12.14205551147461,0.8275966237056397,0.8855101946555416,1.5947120189666748,1.5988209247589111
plank,169.33409799629263,173.62772415034726,170.68712824667605,173.47877721694272,5.767281503639003,3.225675653091316,89.47230918785979,0.9030247330665588,1.0969754457473755,0.7572009563446045,1.61203932762146,8.780791282653809,8.661676406860352,7.461639404296875,8.449536323547363,11.355262756347656,11.71231460571289,16.37628746032715,16.514320373535156,16.62859535217285,0.8497683539373913,0.9755080830942787,0.2898913025856018,0.006412863731384277
plank,179.2669798506907,169.5030181831949,142.46179431792496,131.93116631747696,0.3990945203347715,5.442981460685556,176.34609310828478,1.2819089889526367,0.7180908918380737,0.4972516596317291,0.6717153787612915,2.1946964263916016,2.145005702972412,1.832145094871521,1.9921660423278809,3.518944263458252,2.9577393531799316,6.0565667152404785,7.1681013107299805,4.071361064910889,0.8348053234307706,0.9287458354173278,1.4943729639053345,1.6698763370513916
plank,179.14339153244904,179.40422361851884,178.00286202756695,175.02381655064215,0.45671201453323884,0.305827932186261,91.23597358305726,1.0602498054504395,0.939750075340271,1.0705145597457886,1.328739881515503,4.018373966217041,4.187741756439209,3.518531560897827,3.9497008323669434,4.864292144775391,5.2155351638793945,6.655064105987549,7.966735363006592,7.8370137214660645,0.8756105616022752,0.9431574626435101,0.3222982883453369,0.31185662746429443
plank,178.87812972794987,176.74989702123122,179.22899029274205,177.90360821612492,0.583832999605756,1.6241351698835238,67.56964866815069,1.331371784210205,0.6686282753944397,0.35308894515037537,0.5794477462768555,5.7419610023498535,5.697505474090576,5.278374195098877,5.704026699066162,7.042816162109375,7.6654582023620605,8.499277114868164,9.334874153137207,11.206581115722656,0.9192631704874994,1.0011443997484226,1.6494865417480469,1.8779199123382568
plank,170.2209457566783,174.44479755278093,156.16336618721118,159.02286887598473,4.868362514523789,2.5916320846165033,87.92019017077443,1.106690764427185,0.8933093547821045,0.5079744458198547,0.9169262051582336,4.866246223449707,4.763165473937988,4.908308029174805,5.446303844451904,6.388023853302002,6.566936492919922,9.299161911010742,10.341466903686523,9.965087890625,1.008643376259721,1.143420847088119,1.102469801902771,1.1664584875106812
plank,179.50385986342758,175.69224672166985,175.52932630817796,176.64152875465302,0.24549258269372118,2.276838567614996,122.53141355878938,1.4585895538330078,0.5414104461669922,0.2276008576154709,1.1915613412857056,7.248729705810547,7.2011027336120605,7.382469177246094,6.423688888549805,9.8432035446167,8.952930450439453,8.14490032196045,7.513072967529297,14.122715950012207,1.018449915835381,0.892042265488612,3.6464474201202393,3.3318328857421875
plank,168.2080919627751,167.7896522842634,176.96229785424563,174.85810070367054,6.054628969100784,6.381561630341592,133.85570063673885,1.7118492126464844,0.28815051913261414,0.5212334394454956,1.540087342262268,23.019405364990234,22.754192352294922,21.817169189453125,20.79050636291504,28.738603591918945,27.292837142944336,39.354637145996094,37.21419906616211,43.948883056640625,0.9477728853440126,0.9136999954699853,18.854482650756836,18.012828826904297
plank,176.45839717689353,175.17026040327002,158.18463616438,159.48136648590048,1.9038231520469568,2.4976350503025895,9.703190575092874,1.2913684844970703,0.7086315155029297,1.6463987827301025,3.5584537982940674,17.397716522216797,18.400230407714844,14.966479301452637,17.181795120239258,18.877681732177734,20.092185974121094,36.451961517333984,39.69280242919922,33.9489631652832,0.8602553342034964,0.9337814693480039,14.849496841430664,17.04240608215332
plank,169.41193168788016,172.3162737536478,134.90282142795934,147.69888571429362,5.643718006759437,4.609976918120983,12.596063732401532,1.1218409538269043,0.8781590461730957,0.7295371294021606,1.521947979927063,3.8608040809631348,3.709423303604126,3.383574962615967,2.4746387004852295,4.281618595123291,4.615948677062988,9.94111156463623,8.325254440307617,6.691073894500732,0.8763910354603771,0.6671220377999997,3.2301204204559326,2.375422239303589
plank,171.40583991513796,168.44358425126995,176.1255582202787,175.5764973264393,4.3998837050776185,6.05058040411845,118.23901425138837,1.4039855003356934,0.5960147380828857,0.19249498844146729,0.8445335626602173,11.39307975769043,11.208805084228516,10.861412048339844,10.203055381774902,16.070568084716797,15.443414688110352,16.186473846435547,15.159269332885742,21.745590209960938,0.9533340699800005,0.9102713799403875,6.089846611022949,5.73214864730835
plank,178.0384574213175,178.54316896907275,169.34188747212596,166.8369827273936,0.9835744714052695,0.7615615008191641,59.45169022098592,0.8761482238769531,1.123852014541626,0.6085507273674011,0.5546521544456482,7.921306133270264,8.423277854919434,7.879969120025635,7.689258575439453,10.968523025512695,10.75053882598877,12.200247764587402,11.43254566192627,15.952712059020996,0.9947814151693468,0.9128581289872303,5.027513027191162,5.129893779754639
plank,179.67494253301493,177.7641910394976,164.05154683897769,167.70144858059837,0.16785878907325083,1.2209317443538645,93.27006974367899,1.2802112102508545,0.7197888493537903,0.41374436020851135,0.6618545651435852,4.913049221038818,5.094831943511963,4.567544460296631,4.236985206604004,5.680153846740723,5.315868377685547,8.97001838684082,8.31998348236084,9.404328346252441,0.9296759151244471,0.8316239714983414,0.7832350730895996,0.7456854581832886
plank,176.14075038004938,178.08878981978282,175.48047935043041,177.7906972784559,2.0428684036608344,0.9823800585998038,52.69111619669997,1.0438556671142578,0.9561445713043213,0.5837832689285278,1.5095067024230957,13.930187225341797,14.294187545776367,12.38656997680664,13.511488914489746,16.145038604736328,16.675750732421875,18.59564208984375,20.114320755004883,27.05081558227539,0.8891889884354178,0.9452435072631044,7.430628299713135,8.094417572021484
plank,175.74342628901243,173.62440186055298,177.52867809166403,178.56946567274417,2.2170848179834355,3.257443575567733,47.018910011038315,1.6261606216430664,0.3738393783569336,1.5405654907226562,0.5789459943771362,12.909201622009277,12.936538696289062,11.877023696899414,12.38365650177002,14.183947563171387,14.937703132629395,21.249847412109375,23.418821334838867,25.024063110351562,0.9200431695641627,0.9572618947957435,7.965847969055176,7.570703506469727
plank,179.79536976550307,171.02201841973059,129.68912772726628,136.14910257158465,0.10279207254188717,5.092160639150866,67.3035058888574,1.2361822128295898,0.7638177275657654,0.8522287607192993,1.3751434087753296,2.811805486679077,2.7374119758605957,2.60874342918396,2.0900769233703613,3.89029598236084,3.8224692344665527,7.214084625244141,5.918179035186768,5.116442680358887,0.9277819940820509,0.7635226916074938,2.4245553016662598,1.8473215103149414
plank,162.9520877595141,165.15501511995973,171.3124840153574,161.18459664121275,11.927388526296973,11.020104336032643,46.418687863390126,1.3015424013137817,0.698457658290863,0.7896817326545715,0.73682701587677,0.7159396409988403,0.6698045134544373,0.3091760575771332,0.23374338448047638,0.9378201365470886,1.3804686069488525,2.743548631668091,2.436488389968872,0.9564514756202698,0.4318459378780174,0.348972022154572,0.11934077739715576,0.17391377687454224
plank,175.4526542165254,170.7969600746306,162.30001745697916,161.50739762682585,2.3258260713098973,5.105916682003884,138.38658507735101,0.9918851852416992,1.0081151723861694,0.5997265577316284,3.5293686389923096,19.600255966186523,19.946914672851562,18.722143173217773,16.01371955871582,20.946882247924805,19.417448043823242,49.80318832397461,45.21604919433594,37.067771911621094,0.9551988632351284,0.802816827491332,10.811972618103027,10.089289665222168
plank,178.53072966328327,175.1526076878065,163.42223884517787,163.55541687287868,0.7920414340890132,2.5225879641842677,91.64179790677173,1.2583223581314087,0.7416777610778809,0.37785768508911133,0.6338841319084167,4.7557454109191895,4.698452472686768,4.070932388305664,4.329991817474365,5.112029552459717,5.306864261627197,8.188721656799316,8.84363842010498,8.919649124145508,0.8560028303777525,0.9215780985478822,1.3823972940444946,1.4771662950515747
plank,175.12926386339757,171.83876960098885,179.49062705182874,179.92598125278,2.465612845364384,4.172557570311045,90.92355637788866,1.4110753536224365,0.588924765586853,0.860995888710022,1.6038364171981812,14.725747108459473,14.247562408447266,14.364806175231934,13.620389938354492,18.315471649169922,17.931997299194336,21.350576400756836,18.345964431762695,28.42978858947754,0.975489059668202,0.9559802997808785,1.6919645071029663,1.7776880264282227
plank,171.40583991513796,168.44358425126995,176.1255582202787,175.5764973264393,4.3998837050776185,6.05058040411845,118.23901425138837,1.4039855003356934,0.5960147380828857,0.19249498844146729,0.8445335626602173,11.39307975769043,11.208805084228516,10.861412048339844,10.203055381774902,16.070568084716797,15.443414688110352,16.186473846435547,15.159269332885742,21.745590209960938,0.9533340699800005,0.9102713799403875,6.089846611022949,5.73214864730835
plank,179.5960323301021,178.1861953544131,167.56439770548187,170.42024341736922,0.2007689357290851,0.9650977319197926,122.88220357512131,1.6035113334655762,0.3964885175228119,0.24645201861858368,1.6135140657424927,12.791972160339355,13.0228271484375,12.910493850708008,11.44739055633545,16.250774383544922,15.031943321228027,24.857269287109375,22.381332397460938,25.084623336791992,1.0092652391373145,0.879024926525574,4.854319095611572,4.455805778503418
plank,178.0384574213175,178.54316896907275,169.34188747212596,166.8369827273936,0.9835744714052695,0.7615615008191641,59.45169022098592,0.8761482238769531,1.123852014541626,0.6085507273674011,0.5546521544456482,7.921306133270264,8.423277854919434,7.879969120025635,7.689258575439453,10.968523025512695,10.75053882598877,12.200247764587402,11.43254566192627,15.952712059020996,0.9947814151693468,0.9128581289872303,5.027513027191162,5.129893779754639
plank,176.91491393138003,176.12586148052594,147.2110501445975,148.74138313630837,1.6058377039259424,2.070275762399808,144.45936530970218,1.4252738952636719,0.5747258067131042,0.8118935227394104,1.652971863746643,12.651083946228027,12.39836311340332,11.65380859375,10.803269386291504,13.246979713439941,11.935470581054688,22.05430030822754,19.866504669189453,23.741939544677734,0.9211706856197049,0.8713463556544988,4.989257335662842,4.806347370147705
plank,170.0721912178731,172.52409393966607,174.698804545505,175.79620583000826,5.136561797285859,3.717679770563299,75.3037963141079,1.2920746803283691,0.7079252600669861,0.6535816192626953,1.310198426246643,5.881606101989746,6.155306816101074,5.487173080444336,6.222114562988281,7.762825965881348,8.465614318847656,7.862709999084473,8.430583000183105,11.835902214050293,0.9329377133314509,1.0108535184402077,2.5359742641448975,2.976105213165283
plank,177.14048765565371,179.251395763806,169.72319776256288,170.50458273336758,1.5299508749513062,0.39416112793789093,85.92748733461131,1.1957234144210815,0.8042765855789185,0.46923550963401794,0.5210541486740112,4.822422504425049,4.789255142211914,4.189095973968506,4.307522773742676,5.596398830413818,6.00133752822876,9.633463859558105,10.212950706481934,9.046257972717285,0.8686702796062182,0.8994137389680832,0.4141923189163208,0.1880820393562317
plank,161.39054448262794,167.61961225468494,178.26528073914122,176.20924754374505,10.190185026259725,6.567487568389687,122.91610629414424,1.0039687156677246,0.9960310459136963,0.43936359882354736,0.5788939595222473,6.749029636383057,6.4683403968811035,5.585474967956543,5.727782249450684,8.444689750671387,8.625701904296875,16.11817741394043,17.44908905029297,12.14205551147461,0.8275966237056397,0.8855101946555416,1.5947120189666748,1.5988209247589111
plank,177.271858612391,176.51389465872123,162.36787628510353,164.8539901233359,1.4720646677743754,1.8045016963266916,94.29798264063075,1.0946012735366821,0.9053986668586731,0.637287437915802,0.8906000256538391,4.4771199226379395,4.456231594085693,3.8208656311035156,4.153173446655273,5.600259780883789,5.890892028808594,9.618536949157715,10.93297004699707,8.440559387207031,0.8534202441984177,0.9319920715465706,1.3421578407287598,1.0512551069259644
plank,169.44857138858976,165.3924585420416,168.5484157548265,166.89115550354532,5.473212513489916,8.023774264797286,65.98396020132871,1.1284910440444946,0.8715090155601501,0.21369391679763794,0.23353716731071472,4.39660120010376,4.872009754180908,4.080147743225098,4.001883029937744,4.724860668182373,4.664732456207275,10.966602325439453,10.493477821350098,8.615970611572266,0.9280229498881672,0.8214027496765138,1.5882537364959717,1.6627719402313232
plank,172.63446280858173,172.91251998156827,173.86377645080566,174.17388359559067,3.808377733124379,3.6772737628490275,95.31204187804346,1.1497524976730347,0.8502475619316101,0.6611179113388062,0.5412826538085938,4.893775939941406,5.029389381408691,4.571322917938232,4.664638996124268,5.7875075340271,6.037753582000732,8.475807189941406,9.080870628356934,9.55691146850586,0.9341093748324715,0.9274760244039238,0.5050170421600342,0.7596023082733154
plank,170.98883753791102,177.17249888545297,169.26919517523913,173.2527606749575,4.62753476174818,1.4218900911793872,103.95981841411486,0.9469459056854248,1.053053855895996,0.38199084997177124,0.38871222734451294,13.64674186706543,13.142433166503906,12.928852081298828,12.989310264587402,15.359294891357422,15.775420188903809,23.59268569946289,24.855785369873047,26.30690574645996,0.9473947158849799,0.9883488933650686,3.5290141105651855,3.9541196823120117
plank,176.154678250029,179.77100269540782,171.34036096137376,171.20493445661225,2.044496398334156,0.1282042487280194,6.90869923152647,1.3054580688476562,0.694541871547699,0.8571485877037048,1.3735597133636475,4.9410505294799805,4.766308784484863,4.35266637802124,3.8530354499816895,6.150395393371582,6.7526373863220215,11.866966247558594,10.116098403930664,8.953730583190918,0.8809190416355231,0.808389639826594,4.252817153930664,3.7225704193115234
plank,173.57120325351613,179.41349189778978,175.2534781539936,176.09821060823688,3.294733457690469,0.29208307983949505,50.77603328137362,1.6438302993774414,0.3561692535877228,0.3262391984462738,0.6374086737632751,6.8868632316589355,7.000201225280762,6.5515217781066895,7.090643882751465,7.749800205230713,8.766289710998535,13.005943298339844,13.41496467590332,13.751602172851562,0.9513069457634034,1.0129198635353818,4.791804790496826,5.06089973449707
plank,179.8972079274581,179.43663500435443,177.4942280142281,174.31541731148425,0.048456642643301504,0.29006636730293733,90.77954215246912,0.9201864004135132,1.0798135995864868,0.8056674599647522,0.7776917219161987,6.499908924102783,6.543780326843262,6.592218399047852,6.245021343231201,9.360538482666016,9.054300308227539,13.029130935668945,12.516358375549316,12.93662166595459,1.0142015006396892,0.9543444426563406,0.2289910912513733,0.5543148517608643
plank,179.0516740129292,178.89411635706844,156.97112395447584,155.87945760699554,0.46393828577858687,0.5514293372516448,158.97139714011473,1.4310855865478516,0.5689140558242798,0.5244536995887756,1.0826667547225952,9.717020034790039,9.411149978637695,10.197084426879883,9.47453498840332,9.820429801940918,8.686803817749023,18.794418334960938,16.79096031188965,19.39850425720215,1.0494043792198313,1.0067349902163403,7.437945365905762,6.8173933029174805
plank,176.05662551610658,178.5872224909245,170.75926278947622,171.42047849361262,1.9633376692989883,0.8025944430469976,106.9724606850155,1.2543531656265259,0.7456467747688293,0.4515129625797272,1.9104491472244263,6.27545690536499,6.34536075592041,6.329100608825684,4.825159072875977,8.367852210998535,7.637656211853027,11.611772537231445,9.552938461303711,11.881746292114258,1.0085480142277479,0.7604230079355145,0.625195324420929,0.41381049156188965
plank,169.91501571557197,173.56151136120036,169.50148117720013,167.46390285796892,5.192408100080045,3.366215582318916,134.72361932830768,0.6105384826660156,1.389461874961853,1.7286111116409302,1.9171808958053589,12.35982608795166,12.074262619018555,11.647313117980957,11.020679473876953,14.163918495178223,12.917095184326172,28.06552505493164,25.339017868041992,23.48566436767578,0.9423524322063324,0.9127413332700417,7.930812358856201,7.106876850128174
plank,179.67494253301493,177.7641910394976,164.05154683897769,167.70144858059837,0.16785878907325083,1.2209317443538645,93.27006974367899,1.2802112102508545,0.7197888493537903,0.41374436020851135,0.6618545651435852,4.913049221038818,5.094831943511963,4.567544460296631,4.236985206604004,5.680153846740723,5.315868377685547,8.97001838684082,8.31998348236084,9.404328346252441,0.9296759151244471,0.8316239714983414,0.7832350730895996,0.7456854581832886
plank,175.74342628901243,173.62440186055298,177.52867809166403,178.56946567274417,2.2170848179834355,3.257443575567733,47.018910011038315,1.6261606216430664,0.3738393783569336,1.5405654907226562,0.5789459943771362,12.909201622009277,12.936538696289062,11.877023696899414,12.38365650177002,14.183947563171387,14.937703132629395,21.249847412109375,23.418821334838867,25.024063110351562,0.9200431695641627,0.9572618947957435,7.965847969055176,7.570703506469727
plank,169.41449684751214,166.97695874749238,176.81819955173677,179.3130044281469,5.47596880708055,6.690553759611308,87.79079803005764,1.1948320865631104,0.8051679134368896,0.7227661609649658,0.5451134443283081,4.897130489349365,5.017790794372559,4.5703043937683105,4.750448226928711,5.853771209716797,6.179765701293945,8.249850273132324,8.99894905090332,9.563102722167969,0.9332615233444596,0.9467208727664482,1.0922770500183105,1.4644851684570312
plank,178.58569965070907,174.70290906217275,174.7836471216219,179.88809416285156,0.7845948205955995,2.788322226411902,68.10451895732183,1.1540513038635254,0.8459488749504089,0.6995074152946472,1.6335666179656982,6.0833845138549805,6.459219932556152,4.8793416023254395,5.812204360961914,7.1096673011779785,7.826912879943848,9.468977928161621,10.27453327178955,11.602782249450684,0.8020766711583021,0.899830555673811,1.425370693206787,1.7472450733184814
plank,169.41193168788016,172.3162737536478,134.90282142795934,147.69888571429362,5.643718006759437,4.609976918120983,12.596063732401532,1.1218409538269043,0.8781590461730957,0.7295371294021606,1.521947979927063,3.8608040809631348,3.709423303604126,3.383574962615967,2.4746387004852295,4.281618595123291,4.615948677062988,9.94111156463623,8.325254440307617,6.691073894500732,0.8763910354603771,0.6671220377999997,3.2301204204559326,2.375422239303589
plank,178.12768768870976,179.79157999061712,172.62559733033302,178.6607474015519,0.9499752886535344,0.1083523598284494,71.13742908804838,1.2769761085510254,0.7230238914489746,0.472904235124588,0.20012710988521576,2.135690450668335,2.2898426055908203,2.0727078914642334,2.143357276916504,2.2861862182617188,2.5551445484161377,2.0154924392700195,2.2891430854797363,4.313206195831299,0.970509054955297,0.9360278019351804,0.6436799764633179,0.9262264966964722
plank,179.28700733830158,177.08200731969617,166.47420111134457,169.18922719589202,0.3642321376310796,1.4522567365773895,52.19217288166135,1.18621826171875,0.81378173828125,0.44913262128829956,0.529159426689148,5.453220367431641,5.455599784851074,5.207528591156006,5.506742000579834,5.343448162078857,6.047991752624512,9.331548690795898,10.602407455444336,10.806328773498535,0.9549453873736009,1.009374075880106,2.02681040763855,2.2980446815490723
plank,175.41089072120963,175.93143220879088,179.7451221562419,179.41986540676928,2.481123408843897,2.131664437788884,85.6821854879626,1.1735674142837524,0.8264325857162476,0.5955755114555359,1.0085740089416504,4.213846206665039,4.316991806030273,3.580336809158325,3.922330141067505,4.9929633140563965,5.458663463592529,6.0164079666137695,6.844693660736084,8.010712623596191,0.8496598556054213,0.9085792627656278,0.41537564992904663,0.2130231112241745
plank,179.2571685540516,173.77621996513957,170.12591660382375,168.30686281533846,0.3841043013843332,3.452866876241408,79.08667340584125,1.1857916116714478,0.8142085671424866,0.17627905309200287,0.5731289386749268,5.191305637359619,5.550642490386963,4.866135120391846,4.455299377441406,6.310915946960449,6.137247562408447,11.4468355178833,10.0817289352417,10.019376754760742,0.937362298226105,0.8026635803862094,1.5022871494293213,1.4139314889907837
plank,175.9210005559495,179.21241808553714,163.54159748699422,165.50542844795297,2.1773571612352147,0.40153848775030787,72.63215748401971,1.0744459629058838,0.9255538582801819,0.3112766742706299,0.8523615598678589,10.451454162597656,10.086835861206055,9.127192497253418,9.680485725402832,12.007705688476562,12.77310848236084,17.499534606933594,19.01249122619629,19.66503143310547,0.8732939437865704,0.9597147112226978,0.7127078771591187,0.6989379525184631
plank,165.22592059723092,169.6279031808985,179.03388901784103,176.12192094422338,7.798251465426389,5.386233391002619,108.780410962139,0.982581615447998,1.0174182653427124,0.5167473554611206,0.6778176426887512,8.119380950927734,8.058099746704102,7.267568111419678,7.460693836212158,10.080235481262207,10.357492446899414,14.747397422790527,15.829197883605957,15.35058879852295,0.8950888325421461,0.9258625662211667,0.6673007011413574,0.5519559383392334
plank,173.5142356019574,147.92630442544623,163.3935003450499,151.41652706853375,3.3014412795062134,20.02807980362983,39.56178262786259,1.2010958194732666,0.7989041209220886,1.1260772943496704,1.4044147729873657,1.704470157623291,1.5473839044570923,1.6441060304641724,0.9428959488868713,2.173654317855835,2.760913610458374,4.08542013168335,3.4942355155944824,2.8707146644592285,0.9645842483815968,0.609348033686351,1.0517772436141968,0.7662701606750488
plank,175.27013961050952,173.0267514578538,170.04576214717446,169.80720933554554,2.264080438496822,3.4231399352487153,123.50085712625616,1.1459050178527832,0.8540946841239929,0.7201030850410461,0.8741552233695984,7.892004013061523,7.896864414215088,8.594562530517578,8.188871383666992,10.043718338012695,9.135258674621582,17.41717529296875,15.647865295410156,16.261249542236328,1.0890214231102615,1.0369774529683977,2.8316822052001953,2.2396960258483887
plank,178.05378251311404,177.11391306236044,170.43714688631707,177.61082767641966,0.989327140466505,1.5501549581410161,93.25024149357554,1.3742111921310425,0.6257888078689575,0.44927752017974854,0.7651428580284119,4.632598876953125,4.733204364776611,4.483067989349365,4.080206871032715,5.829625129699707,5.369232177734375,11.482765197753906,9.983935356140137,8.961771011352539,0.9677218210992771,0.8620388418801018,0.003813326358795166,0.06703950464725494
plank,173.85203048658445,176.37274569860867,161.86577066667564,161.80771773416393,3.3155249152068214,1.9035147373213204,68.69417469359803,1.2847638130187988,0.7152358889579773,0.24737411737442017,0.47776538133621216,9.025874137878418,8.808924674987793,7.712246417999268,7.978165149688721,9.83890438079834,10.536127090454102,14.53373908996582,15.691178321838379,16.74446678161621,0.8544596839849564,0.905691050651279,1.0474148988723755,1.1316604614257812
warrior2,178.6262690350543,96.50721292730188,108.85869378989061,82.480194586292,0.7016503021699302,46.14249985497326,87.9135830203839,1.2812681198120117,0.7187318205833435,3.247487783432007,4.304073333740234,1.274456262588501,1.3698945045471191,1.2210688591003418,1.1525949239730835,1.4993993043899536,1.5029231309890747,1.9230986833572388,1.9634069204330444,1.2960671186447144,0.9581089103139293,0.8413743385150577,1.0683152675628662,0.02304553985595703
warrior2,177.15909984692712,101.29251323876824,126.40042497547296,79.47339554455841,1.3161122612289589,38.058746830737114,87.26206336978508,1.2404882907867432,0.7595118880271912,3.248234987258911,4.582024097442627,1.2226181030273438,1.450958013534546,1.416135311126709,1.5332204103469849,1.9796576499938965,1.9782793521881104,1.812652826309204,1.842747449874878,1.5779622793197632,1.1582800461895264,1.0566945007027109,1.118758201599121,0.32097458839416504
warrior2,173.04607497641064,94.12377453168608,139.84262716827587,86.95819884283384,3.5844109399487754,26.334528941212653,83.15435792490081,1.1976467370986938,0.8023530840873718,3.6030447483062744,4.66812801361084,1.8967617750167847,1.2885870933532715,1.7831741571426392,2.5039026737213135,3.6670761108398438,3.7289817333221436,2.051781415939331,2.0223841667175293,2.6845266819000244,0.9401144838087935,1.943136590068475,1.383871078491211,0.11725127696990967
warrior2,107.16358951433685,170.2840610840073,108.31176350501394,138.69814946702576,27.341617963019186,4.645405905130853,91.6297836861528,1.2079241275787354,0.7920758128166199,2.864218235015869,3.659642457962036,1.2909104824066162,1.3342971801757812,2.0045077800750732,1.4560714960098267,2.8221304416656494,2.921508550643921,1.8181875944137573,1.6975924968719482,2.317265748977661,1.5527848403192728,1.0912639450786052,0.2482595443725586,1.0898411273956299
warrior2,97.78129285173695,169.99999231501616,86.1016322585926,132.39243080897782,31.37780569354441,5.208834905852273,89.48808054544199,1.2270262241363525,0.7729737162590027,3.66864013671875,4.981532096862793,1.405034065246582,1.8111568689346313,2.0923774242401123,1.6662859916687012,2.6097233295440674,2.68585467338562,2.103951930999756,2.140237808227539,2.2684781551361084,1.4891994342311325,0.9200114580010922,0.2611907720565796,1.316939115524292
warrior2,171.13529823454328,92.21776314506333,124.24872403169901,72.50582824084375,4.4210666995560235,38.944287374713085,90.2643609900733,1.2411830425262451,0.7588170170783997,3.301914691925049,4.575169086456299,1.4326860904693604,1.252843976020813,1.4399906396865845,1.5005698204040527,1.7488685846328735,1.630597472190857,2.064487934112549,1.716260552406311,1.5631362199783325,1.005097797883299,1.19772984616983,1.1977696418762207,0.29449665546417236
warrior2,118.44246737082788,179.2126665772013,115.19099052437525,150.9921414476703,22.418566201384756,0.3926690241331743,87.62709212920204,1.2044808864593506,0.7955191135406494,3.1864547729492188,3.9151604175567627,1.5786700248718262,1.9690850973129272,2.6128504276275635,1.974718689918518,3.547800064086914,3.5469489097595215,1.7256903648376465,1.6862719058990479,3.4583823680877686,1.6550949415440772,1.0028605110834297,0.10556554794311523,0.8067290782928467
warrior2,176.5477569164888,100.8073765918923,127.37878949715997,90.74516951253557,1.672340103616456,38.90745215793314,82.00035237153494,1.2259433269500732,0.7740567922592163,3.7864792346954346,5.215752601623535,1.7342736721038818,1.6055691242218018,1.8458821773529053,1.6529334783554077,2.1766819953918457,2.286116361618042,2.2305588722229004,1.840624213218689,2.149881601333618,1.06435399596399,1.0294993992595387,1.569502353668213,0.10059642791748047
warrior2,178.08735676508618,114.70131695313204,141.16875185448012,109.25414310922422,0.9787880758455333,22.094026110575047,77.98680778278846,1.2231197357177734,0.7768803834915161,3.291414976119995,4.252731800079346,1.869152545928955,1.376856803894043,1.7842073440551758,2.5060770511627197,3.0874319076538086,3.2562601566314697,1.9285554885864258,2.0248165130615234,3.0284423828125,0.95455365234237,1.8201422427755487,1.342837929725647,0.44810545444488525
warrior2,178.6570994299113,100.63414018304613,118.00428636180371,84.87802638338826,0.7110689685500102,37.18009842482959,85.90391970779622,1.2258696556091309,0.7741301655769348,3.2894623279571533,4.413364887237549,1.3670506477355957,1.3033320903778076,1.214775562286377,1.4482909440994263,1.774007797241211,1.8010879755020142,1.958175778388977,1.8906028270721436,1.5046932697296143,0.8886098519383294,1.1112208803657389,1.0534299612045288,0.11283242702484131
warrior2,115.36871864207708,178.8007374225833,110.24604281442761,135.40788579645096,29.527303150430676,0.606840453031715,93.04326309090182,1.2520995140075684,0.7479004859924316,3.754798412322998,4.888079643249512,1.839139461517334,2.0048437118530273,2.1459765434265137,1.9587002992630005,2.7961575984954834,2.719229221343994,2.1868462562561035,2.274275779724121,3.0416557788848877,1.166836676333048,0.9769835477445149,0.11515402793884277,1.2884825468063354
warrior2,174.9828422473405,118.67017739467397,138.23139791444683,115.43969318518205,2.51878306733133,21.434954524929843,80.75490658183489,1.2340595722198486,0.7659404873847961,3.082341194152832,3.85621976852417,1.7151399850845337,1.3530845642089844,1.701148271560669,2.3747568130493164,3.0520169734954834,3.1532037258148193,1.8508491516113281,1.7598800659179688,2.948471784591675,0.9918416540415335,1.7550677324959878,1.1314622163772583,0.4197765588760376
warrior2,171.7177168705662,100.8411926118995,126.97656752659452,94.09670902277671,4.1146598620841095,32.961726415245145,86.5096003645158,1.1903555393218994,0.8096444010734558,3.625138998031616,4.638293266296387,1.6204582452774048,1.493782877922058,1.6412181854248047,1.9815155267715454,2.514828681945801,2.4650750160217285,2.0256762504577637,1.9992691278457642,2.2919888496398926,1.0128105289953444,1.3265075062451144,1.136152744293213,0.04348421096801758
warrior2,177.35602743737167,103.29914855505628,132.39108983769628,89.69091677955167,1.3684501322777551,27.07760254441697,81.57513389531242,1.2641817331314087,0.735818088054657,3.4509360790252686,4.615615367889404,1.7371617555618286,1.3230584859848022,1.6193116903305054,2.2142229080200195,2.9421544075012207,3.0848772525787354,1.964950680732727,1.8326760530471802,2.422248363494873,0.9321588809948852,1.6735626262275665,1.2101633548736572,0.014942049980163574
warrior2,126.18761015186546,178.32158585115207,106.92439555252845,135.27863497595933,22.094107826972817,0.8444147270313972,101.67804214965564,1.1982321739196777,0.8017678260803223,3.260502815246582,4.697062969207764,1.4234020709991455,1.5994740724563599,1.989594578742981,1.5797847509384155,2.8079850673675537,2.604140520095825,1.9812554121017456,1.9421424865722656,2.433650255203247,1.397773139091517,0.9876895102293122,0.1312098503112793,1.2210843563079834
warrior2,176.5477569164888,100.8073765918923,127.37878949715997,90.74516951253557,1.672340103616456,38.90745215793314,82.00035237153494,1.2259433269500732,0.7740567922592163,3.7864792346954346,5.215752601623535,1.7342736721038818,1.6055691242218018,1.8458821773529053,1.6529334783554077,2.1766819953918457,2.286116361618042,2.2305588722229004,1.840624213218689,2.149881601333618,1.06435399596399,1.0294993992595387,1.569502353668213,0.10059642791748047
warrior2,99.71952992645095,176.37107268611481,105.74519720442618,141.23923406064853,44.285820700989724,1.5714695656576196,86.17364451584962,1.7044923305511475,0.2955075800418854,4.725563049316406,7.027217864990234,3.3888351917266846,1.98173189163208,2.852396011352539,2.5947210788726807,3.380296468734741,3.451901912689209,4.147468090057373,4.320350646972656,2.91813588142395,0.8417037147786073,1.3093192780061125,0.10793375968933105,2.2000551223754883
warrior2,174.3650050958045,121.29162566854507,137.92843209115298,118.49464292853308,2.818764556894582,21.514703905779324,80.527801266138,1.2289656400680542,0.7710344195365906,3.128260374069214,3.9258527755737305,1.753344178199768,1.4244811534881592,1.7517509460449219,2.348022937774658,3.1150283813476562,3.193939685821533,1.8593674898147583,1.8253449201583862,3.0199663639068604,0.9990907482595738,1.6483344013998389,1.166614294052124,0.43693387508392334
warrior2,179.13091851015062,126.45213812660285,125.93508158631509,110.060379245879,0.4673002199585045,26.68632897714386,87.13197977543228,1.1447349786758423,0.8552650809288025,3.604534864425659,5.036855220794678,1.7668946981430054,1.4646358489990234,1.5178849697113037,1.4735383987426758,2.263059139251709,2.265955686569214,2.486274003982544,1.8953043222427368,2.112414836883545,0.8590688014615633,1.0060776497257569,1.2024996280670166,0.25227487087249756
warrior2,95.8334507895377,177.6987925501932,73.40751533824205,125.9511657691758,40.89611874716109,1.178523747353687,96.11624660639359,1.1958489418029785,0.8041510581970215,2.9461159706115723,3.9187166690826416,1.1007181406021118,1.165457010269165,1.1524229049682617,1.1099287271499634,1.7402434349060059,1.7127084732055664,1.6767973899841309,1.791305661201477,1.2479796409606934,1.0469727130736248,0.9523541108903812,0.19729983806610107,0.866318941116333
warrior2,176.40386385246734,113.69797605152826,144.74645712815195,108.27397125765226,1.9066992847075985,20.33023017689095,92.60028846363765,1.2320443391799927,0.767955482006073,3.6249730587005615,4.525773048400879,2.2465410232543945,1.4621492624282837,1.9902243614196777,3.0258772373199463,3.900688886642456,3.6761724948883057,1.9930894374847412,1.9609856605529785,3.5817346572875977,0.8859056900865763,2.0694707753871238,1.075479507446289,0.22519457340240479
warrior2,178.7012498367095,122.54193324037426,140.99829249120478,109.87757515662328,0.637350892340222,21.61976010057035,87.59026975471876,1.2236626148223877,0.7763374447822571,3.684800624847412,5.161767959594727,2.038241147994995,1.716740608215332,2.115649461746216,2.7280876636505127,3.715952157974243,3.7044613361358643,2.25254487991333,2.1556925773620605,3.395366668701172,1.0379774865451417,1.5891079068599863,1.262894630432129,0.3221546411514282
warrior2,101.75028726813186,171.88378304011695,116.1763222626008,135.16275372509176,33.88313584541628,4.025841802613706,87.03425278229959,1.256893277168274,0.7431066632270813,3.385174036026001,4.039365291595459,1.6424733400344849,1.871882677078247,2.0600757598876953,1.901903510093689,2.6996891498565674,2.7721407413482666,1.9431504011154175,2.14560866355896,2.9202880859375,1.2542514118329804,1.016037232111719,0.598975419998169,1.3374959230422974
warrior2,175.9215767257724,97.63117466028933,139.22247085025697,92.90297517260886,2.136708218044466,26.47876890302322,91.27646874506404,1.2278817892074585,0.7721182107925415,3.488767385482788,4.302685260772705,1.861340045928955,1.3204988241195679,1.691495418548584,2.4521353244781494,3.1074252128601074,2.977668523788452,1.9126113653182983,1.9251519441604614,2.736985683441162,0.9087509364542032,1.856975123880149,1.071664571762085,0.0664205551147461
warrior2,99.17765612985691,178.5069479072918,92.22919118518172,123.848620433677,34.19411482274044,0.7758167784604287,94.76590244060286,1.2565754652023315,0.7434244155883789,3.5358781814575195,4.675906658172607,1.3686274290084839,1.7176976203918457,1.770241379737854,1.5891021490097046,2.3742005825042725,2.301018714904785,2.0582404136657715,2.133422613143921,2.119025945663452,1.2934419176286749,0.925134438687035,0.12275874614715576,1.3182721138000488
warrior2,107.21422597838671,175.70239750757085,84.73563689379263,119.41219245049864,36.78932146582934,2.062129750894137,93.08695881408674,1.241457462310791,0.758542537689209,2.9572668075561523,4.184040546417236,1.2304280996322632,1.152777075767517,1.207541584968567,1.2496414184570312,1.468595027923584,1.437161922454834,1.8285623788833618,1.8179028034210205,1.368943214416504,0.9813987537595327,1.0840260104921087,0.2086101770401001,1.063442349433899
warrior2,176.67515835533598,122.70175097212386,140.59225249029112,110.9030014019982,1.6246170699029463,23.744168750647237,91.72726408300142,1.2290022373199463,0.770997941493988,2.7622687816619873,3.758498191833496,1.3997087478637695,1.2548589706420898,1.4649178981781006,1.7225478887557983,2.525681257247925,2.4044418334960938,1.780882716178894,1.6459113359451294,2.30283522605896,1.0465869087600852,1.3727012806651255,0.8560072183609009,0.24007749557495117
warrior2,178.93964401263034,119.12268039464573,140.0984749054705,114.6569511046291,0.5297107745986771,22.03352256113063,85.73437869959264,1.234976887702942,0.7650231122970581,3.2221503257751465,4.172296047210693,1.7837251424789429,1.4875866174697876,1.7886950969696045,2.4870457649230957,3.491072654724121,3.495821475982666,1.8629060983657837,1.8490779399871826,3.075202703475952,1.0027857160201488,1.6718650624110931,1.1313432455062866,0.1590557098388672
warrior2,169.7865034661053,115.93711217825341,123.50673710652178,102.97912316386959,4.217329513465495,33.71569836113641,89.78090884732383,1.552302598953247,0.44769737124443054,4.542994022369385,7.158731460571289,2.007169723510742,2.803549289703369,2.8512086868286133,2.551849842071533,3.5798892974853516,3.565622329711914,3.1145946979522705,3.09389328956604,3.2787744998931885,1.4205112965386244,0.9102208194530131,2.419205665588379,0.17020630836486816
warrior2,177.28992768445593,115.02100780966249,136.15984011889188,104.99128492021424,1.2840516711051193,24.35840472899713,84.76339788408205,1.2137951850891113,0.7862048149108887,3.2974109649658203,4.4803009033203125,1.6086905002593994,1.4482213258743286,1.7864398956298828,2.2860376834869385,3.066061019897461,3.0276238918304443,2.0185725688934326,1.9608746767044067,2.7171809673309326,1.1104925309432057,1.578512941448268,1.2018721103668213,0.026178359985351562
warrior2,173.95434629015492,119.67796355235006,125.45615930707164,110.21384679298973,3.17237264879122,31.313002434316363,83.12838627184038,1.353270173072815,0.6467299461364746,3.8119397163391113,4.972236633300781,1.928013801574707,1.9693603515625,1.7464100122451782,1.8376227617263794,2.5192627906799316,2.6075544357299805,2.704892873764038,2.6463325023651123,2.731752634048462,0.905807367671035,0.9331059331840759,1.2849762439727783,0.16436398029327393
warrior2,176.96713501495663,114.74074250833436,133.05671082157696,101.17377785817165,1.4748537057259108,27.606271353162548,87.82237936921234,1.2374240159988403,0.7625759840011597,3.1723833084106445,4.304113864898682,1.5151675939559937,1.370357871055603,1.600433349609375,1.806502103805542,2.3616137504577637,2.331345319747925,1.8111486434936523,1.733725905418396,2.3065474033355713,1.0562741044089103,1.3182693540809298,1.0347362756729126,0.17335104942321777
warrior2,95.8334507895377,177.6987925501932,73.40751533824205,125.9511657691758,40.89611874716109,1.178523747353687,96.11624660639359,1.1958489418029785,0.8041510581970215,2.9461159706115723,3.9187166690826416,1.1007181406021118,1.165457010269165,1.1524229049682617,1.1099287271499634,1.7402434349060059,1.7127084732055664,1.6767973899841309,1.791305661201477,1.2479796409606934,1.0469727130736248,0.9523541108903812,0.19729983806610107,0.866318941116333
warrior2,136.06380901441477,178.9688345275479,134.78165448910767,161.80172435697804,13.877237268875284,0.5252593133241744,85.81680695418143,1.198966383934021,0.8010336756706238,3.4831130504608154,4.038994312286377,2.1026856899261475,3.2627367973327637,4.391288757324219,3.1492838859558105,6.027382850646973,6.000855922698975,1.8428168296813965,1.6935230493545532,6.034307479858398,2.0884180122329368,0.9652273892588917,0.27191162109375,0.7149982452392578
warrior2,175.27473904183233,119.40649431286903,128.6659630764259,110.32069331850307,2.379814832173919,29.758601990795196,87.86151737558822,1.2104027271270752,0.7895973324775696,2.9785168170928955,4.04996919631958,1.3577929735183716,1.3346964120864868,1.3381856679916382,1.3783107995986938,2.0154969692230225,2.0070743560791016,2.0110368728637695,1.8768889904022217,1.9254599809646606,0.9855587033753557,1.032676610531542,1.0572534799575806,0.02203047275543213
warrior2,167.2465375887196,121.79651942980738,139.1464388948911,119.62633502398367,6.636637256189885,22.703891671935658,82.64474735840056,1.2707302570343018,0.7292697429656982,3.048185348510742,4.1380791664123535,1.9157270193099976,1.3413350582122803,1.7662813663482666,2.0180652141571045,2.7388031482696533,2.873854875564575,2.1591637134552,1.7182852029800415,2.855010509490967,0.9219896292921799,1.5045187235529645,1.4537848234176636,0.36744892597198486
warrior2,178.3886876806282,114.71786352560036,129.42974107089208,118.06030746365442,0.7957386105639819,29.914027722431587,81.96268612852879,1.2338398694992065,0.7661601901054382,3.164579153060913,3.9996323585510254,1.5182236433029175,1.5478836297988892,1.5591073036193848,1.7965866327285767,2.703835964202881,2.7989423274993896,2.128645181655884,2.1422910690307617,2.463149070739746,1.0269279388243406,1.160672183276347,1.2306395769119263,0.4978463649749756
warrior2,177.5611257865021,107.67213277950272,138.47810620114004,103.23814257869527,1.3204171215512246,22.99961328746018,86.51645794772763,1.263747215270996,0.7362528443336487,3.5707647800445557,4.463125228881836,2.069391965866089,1.3930186033248901,1.7530752420425415,2.704059600830078,3.7549405097961426,3.7462124824523926,2.0513343811035156,1.7883728742599487,3.096205949783325,0.847144680086819,1.941149711300522,1.2044336795806885,0.14656436443328857
warrior2,105.85553286789694,173.16981612084254,109.60556671176047,139.60090274480092,31.018852405712785,3.380550908506349,91.45157716772343,1.2263296842575073,0.7736703753471375,3.661651611328125,4.6358323097229,1.7199139595031738,2.001844644546509,2.281560182571411,2.042603015899658,3.281883478164673,3.2680892944335938,2.0043857097625732,2.3321502208709717,3.0942587852478027,1.3265540659233979,1.0203598971100403,0.36298179626464844,1.4370473623275757
warrior2,176.85651611347632,141.21859767770513,151.52240618671982,138.21800842201625,1.6609503274020396,20.246977481389052,88.46855250111928,1.2087607383728027,0.7912393808364868,2.3885278701782227,2.8530149459838867,1.5975267887115479,1.5467917919158936,1.4255969524383545,1.420779824256897,2.6552884578704834,2.700444459915161,1.8205317258834839,1.723439335823059,2.723982572555542,0.8923769354823803,0.9185327418658876,0.5423274040222168,0.07339537143707275
warrior2,178.93964401263034,119.12268039464573,140.0984749054705,114.6569511046291,0.5297107745986771,22.03352256113063,85.73437869959264,1.234976887702942,0.7650231122970581,3.2221503257751465,4.172296047210693,1.7837251424789429,1.4875866174697876,1.7886950969696045,2.4870457649230957,3.491072654724121,3.495821475982666,1.8629060983657837,1.8490779399871826,3.075202703475952,1.0027857160201488,1.6718650624110931,1.1313432455062866,0.1590557098388672
warrior2,110.15617738533062,176.77918339260867,101.1712044795956,115.26513689395172,39.258223387647206,1.6046185868362326,86.94705595217854,1.2544336318969727,0.7455664873123169,2.8242199420928955,3.72931170463562,1.2909854650497437,1.0928834676742554,1.038034439086914,1.1005432605743408,1.3554420471191406,1.3568527698516846,1.8319841623306274,1.9062381982803345,1.4183818101882935,0.8040629915100753,1.0070078705724348,0.02165043354034424,0.8911617994308472
warrior2,177.78839517403648,102.62697796545594,138.56497131335595,94.63621623202197,1.0514605974487912,29.165030806678622,92.76301872181577,1.2018074989318848,0.7981925010681152,3.391845941543579,4.421781539916992,1.5829817056655884,1.4858711957931519,1.7457622289657593,2.273257255554199,3.1108243465423584,3.0734736919403076,1.8065308332443237,1.7965797185897827,2.5842137336730957,1.102830891782692,1.5299143910158066,0.9444496631622314,0.2770230770111084
warrior2,124.6232611985856,168.57195346690696,119.600338224054,154.22609056860918,23.92214349279067,5.796536649543819,85.59488739938011,1.2176152467727661,0.7823845744132996,2.2459323406219482,2.782013416290283,1.2617793083190918,1.1598185300827026,1.623757243156433,1.1269047260284424,2.0849554538726807,2.2405200004577637,1.3939391374588013,0.9861478209495544,2.2026991844177246,1.286877939408927,0.971620753746134,0.0977621078491211,0.5157502293586731
warrior2,175.57481507159255,102.39461093905159,123.10598246622283,84.79308496308401,2.315621234410106,44.200990071602945,84.76966203159623,1.2348997592926025,0.765100359916687,3.1280357837677,4.0166449546813965,1.3068935871124268,1.2782961130142212,1.190771460533142,1.0094410181045532,1.4445676803588867,1.4129507541656494,1.920526146888733,1.6675621271133423,1.4404100179672241,0.9111457590195873,0.7896763653985684,0.8872321844100952,0.046204209327697754
warrior2,104.87280145672665,178.55924252251728,95.61351925510857,132.20083248162888,30.624853350499034,0.7236167735474691,93.18238432150699,1.159221887588501,0.8407782316207886,3.4468486309051514,4.619186878204346,1.397824764251709,1.5617259740829468,1.9233624935150146,1.547714114189148,2.679547071456909,2.6745123863220215,1.7287160158157349,1.763771891593933,2.1861469745635986,1.3759672648075982,0.9910273305601146,0.08949697017669678,1.1681784391403198
warrior2,98.65549660496207,179.8154825278411,98.24214271942787,128.9133288679618,41.42212052002846,0.10087055545943382,97.85038439977475,1.2188032865524292,0.781196653842926,3.109219551086426,3.7385001182556152,1.3581846952438354,1.3487744331359863,1.3174306154251099,1.178132176399231,2.005030393600464,1.8564505577087402,1.8809406757354736,1.9023953676223755,1.7507643699645996,0.9699929987766447,0.8734828255731206,0.3084540367126465,0.9303841590881348
warrior2,118.44246737082788,179.2126665772013,115.19099052437525,150.9921414476703,22.418566201384756,0.3926690241331743,87.62709212920204,1.2044808864593506,0.7955191135406494,3.1864547729492188,3.9151604175567627,1.5786700248718262,1.9690850973129272,2.6128504276275635,1.974718689918518,3.547800064086914,3.5469489097595215,1.7256903648376465,1.6862719058990479,3.4583823680877686,1.6550949415440772,1.0028605110834297,0.10556554794311523,0.8067290782928467
warrior2,178.3886876806282,114.71786352560036,129.42974107089208,118.06030746365442,0.7957386105639819,29.914027722431587,81.96268612852879,1.2338398694992065,0.7661601901054382,3.164579153060913,3.9996323585510254,1.5182236433029175,1.5478836297988892,1.5591073036193848,1.7965866327285767,2.703835964202881,2.7989423274993896,2.128645181655884,2.1422910690307617,2.463149070739746,1.0269279388243406,1.160672183276347,1.2306395769119263,0.4978463649749756
warrior2,178.42728562765004,101.52390886588596,131.2449438764986,84.30805506513204,0.7765730697688202,33.73437900575098,87.77930688522831,1.2165331840515137,0.7834668159484863,3.477424383163452,4.779781341552734,1.532719373703003,1.4177814722061157,1.572031855583191,1.7970733642578125,2.500308036804199,2.4385390281677246,1.8899714946746826,1.986128807067871,1.9886358976364136,1.025648175984777,1.26752403805748,1.1590806245803833,0.3065418004989624
warrior2,174.2864948180969,111.26363247803965,141.6039015135579,114.9181856117765,2.9309116163247984,28.458428739496433,91.15527553482133,1.2460553646087646,0.7539448142051697,3.4087767601013184,4.189235687255859,1.9574025869369507,1.698406457901001,1.8585418462753296,2.304227828979492,3.173920154571533,3.193345546722412,2.128856897354126,1.9823765754699707,3.134916067123413,0.9494934303168796,1.3566990761022695,1.1569290161132812,0.277942419052124
warrior2,178.6570994299113,100.63414018304613,118.00428636180371,84.87802638338826,0.7110689685500102,37.18009842482959,85.90391970779622,1.2258696556091309,0.7741301655769348,3.2894623279571533,4.413364887237549,1.3670506477355957,1.3033320903778076,1.214775562286377,1.4482909440994263,1.774007797241211,1.8010879755020142,1.958175778388977,1.8906028270721436,1.5046932697296143,0.8886098519383294,1.1112208803657389,1.0534299612045288,0.11283242702484131
warrior2,161.23995916004463,86.93855404228634,109.39652218282276,75.60761381583339,8.872698417951963,40.79237166474261,90.67379304508383,1.2847298383712769,0.7152701616287231,3.5019235610961914,4.6468939781188965,1.362726092338562,1.4711884260177612,1.517085075378418,1.7809854745864868,2.68544340133667,2.628818988800049,2.1168577671051025,1.8213783502578735,1.643094778060913,1.113271383468985,1.210575227832684,1.0740716457366943,0.1791856288909912
warrior2,101.55316645471217,175.83542919656438,90.207367410495,119.29619129146815,38.0512287384406,2.1176628169602925,98.03933012739006,1.248595952987671,0.7514040470123291,3.612797737121582,4.948390960693359,1.5206230878829956,1.5690728425979614,1.5988178253173828,1.5167709589004517,2.155646800994873,2.014822483062744,2.242410659790039,2.2179088592529297,1.808471918106079,1.0514221351992707,0.9666663975412971,0.08816874027252197,1.3854864835739136
warrior2,132.9752759643483,178.05881693237401,131.7564155313019,149.3842719628454,19.56195396833512,0.9924867551838248,92.79751152880574,1.2245112657546997,0.7754887342453003,2.947152853012085,3.7221319675445557,1.7419906854629517,1.997247576713562,2.399329662322998,1.9092113971710205,3.49015474319458,3.414764165878296,1.8058123588562012,1.9292548894882202,3.563899278640747,1.3773485156936052,0.9559207699186822,0.21980035305023193,1.0002737045288086
warrior2,177.760692221238,103.59779074820622,122.06183556778547,94.0453590124145,1.1153978527409494,36.331789616830555,98.70753373095363,1.2487282752990723,0.751271665096283,3.726148843765259,5.105754375457764,1.6935843229293823,1.6214396953582764,1.706722617149353,1.76175057888031,2.0788869857788086,1.9405603408813477,2.190868616104126,1.888135552406311,2.13855242729187,1.007757090264131,1.0865340828830194,1.2020928859710693,0.338741660118103
warrior2,179.5394481886403,111.1047982530029,135.17540622378903,103.111555632156,0.23069991251677843,24.6016538100386,86.71358495850191,1.2240036725997925,0.7759963274002075,3.118847131729126,4.127571105957031,1.6019022464752197,1.2313634157180786,1.5982469320297241,2.0655503273010254,2.7251720428466797,2.699606418609619,1.9554367065429688,1.745729684829712,2.472090005874634,0.9977175185495498,1.6774484473765516,1.1065211296081543,0.0034123659133911133
warrior2,178.18016317707222,114.6929082346209,126.04420870417968,102.41425727896745,0.9059024228415388,28.759897147115307,87.45845191302462,1.2095381021499634,0.7904620170593262,3.193856716156006,4.375626087188721,1.4390939474105835,1.330898404121399,1.451589584350586,1.6471911668777466,2.2430036067962646,2.18892240524292,1.9915823936462402,1.9144171476364136,2.026333808898926,1.0086822881023136,1.2376526443522977,1.0994679927825928,0.1195533275604248
warrior2,100.82606824402662,176.00570539252726,88.74574198500186,109.61914029598843,36.538749044608586,2.0586151585176995,87.15499677497034,1.2351473569869995,0.7648527026176453,3.325662851333618,4.553287029266357,1.2728413343429565,1.4042954444885254,1.4480674266815186,1.320687174797058,1.8601435422897339,1.9341177940368652,1.7588318586349487,1.8724123239517212,1.5231624841690063,1.13766441263836,0.9404618091716956,0.1936401128768921,1.1023110151290894
warrior2,178.03009432133607,105.72000986998441,131.9808043595786,89.86805426230886,0.9715642751467948,27.983952091297635,79.33422811551203,1.2962688207626343,0.7037313580513,4.00496768951416,5.666174411773682,1.796590805053711,1.8635127544403076,1.8458731174468994,2.871054172515869,3.7217342853546143,3.8000411987304688,2.564469337463379,2.828507423400879,2.7771894931793213,1.0274304448314653,1.5406670144906813,1.532403588294983,0.03718829154968262
warrior2,177.23027324619494,121.9961544568292,147.15125279421522,118.91225564500654,1.3288377628067645,20.93462015208928,87.76768797553518,1.239092230796814,0.760907769203186,3.11615252494812,3.8538289070129395,1.894454002380371,1.587340235710144,2.0543060302734375,2.6778879165649414,3.3365745544433594,3.3446335792541504,2.0520243644714355,2.0086123943328857,3.5349678993225098,1.0843783714536448,1.6870272480302002,0.9707965850830078,0.15175938606262207
warrior2,99.56424183659097,173.4123286613566,93.65408652460225,128.74530461331918,33.39828726146212,3.3414643438904483,86.51085327010748,1.2437118291854858,0.7562882304191589,3.236436605453491,4.2547287940979,1.322108507156372,1.4906076192855835,1.757667899131775,1.448185682296753,2.2781317234039307,2.3919951915740967,1.781695008277893,1.832898497581482,2.0116636753082275,1.3294419937363686,0.9715398553047662,0.1004030704498291,1.0849816799163818
warrior2,177.1281237645364,106.38444510729339,125.7265572161281,103.8432596814396,1.5246976086601371,37.2958656041371,85.61474298934948,1.2764912843704224,0.7235087752342224,4.782649040222168,6.3046722412109375,2.2994799613952637,2.3923144340515137,2.0318291187286377,2.3384578227996826,3.542663812637329,3.760387897491455,2.9503355026245117,3.2182393074035645,2.958254337310791,0.8836033665161455,0.977487244999034,1.7040796279907227,0.2488863468170166
warrior2,112.53571029470417,177.47446524344045,88.91447552706937,128.73882882899704,39.118229725971474,1.245055320123771,96.53610553506236,1.2191953659057617,0.7808046936988831,2.9623184204101562,3.999396800994873,1.3210608959197998,1.140454888343811,0.9941533803939819,1.1730283498764038,1.4868420362472534,1.4798277616500854,1.9048099517822266,2.020463228225708,1.3982436656951904,0.7525411061090327,1.0285609131098399,0.14769971370697021,0.92108154296875
warrior2,179.23766806627754,96.19596446567746,112.27950099705433,94.1935185205573,0.37690489501698216,42.219619526845555,90.11269474569617,1.2364020347595215,0.7635980844497681,3.5171637535095215,4.6785783767700195,1.4617693424224854,1.4702167510986328,1.4960837364196777,1.4521634578704834,2.0746612548828125,2.048089027404785,2.0822153091430664,1.9978632926940918,1.703346610069275,1.0234738611130443,0.9877199869103348,1.2995073795318604,0.11440169811248779
warrior2,111.30101220383231,178.0528776995047,84.89878734635307,111.61914091549629,41.524351100797745,0.97377723256225,94.55484761770975,1.2315510511398315,0.7684489488601685,3.3119401931762695,4.650833606719971,1.3904874324798584,1.3010302782058716,0.9579190611839294,1.3004590272903442,1.2768476009368896,1.254562497138977,2.083644390106201,1.8561712503433228,1.2344231605529785,0.6889083280437899,0.9995601559123802,0.18940448760986328,1.171339750289917
warrior2,179.820863210972,117.20609317819587,134.96676118944512,103.77882716830815,0.08392937202498843,25.85313734803719,91.26462136183311,1.2683039903640747,0.7316959500312805,3.1296651363372803,4.296623229980469,1.5852853059768677,1.391553282737732,1.6355960369110107,1.9178483486175537,2.465402364730835,2.4121031761169434,1.6918412446975708,1.7998896837234497,2.457087755203247,1.0317354226454014,1.378205918668437,1.0001697540283203,0.2769808769226074
warrior2,111.02805632235014,178.14374903381332,85.29691709331631,111.17760791039379,41.78633779653271,0.9339798892165465,93.82674605191993,1.2339277267456055,0.7660723328590393,3.358776569366455,4.697619915008545,1.4268608093261719,1.3167414665222168,0.9783022403717041,1.3008031845092773,1.2867406606674194,1.2686641216278076,2.1334660053253174,1.901095986366272,1.2481094598770142,0.6856320871281167,0.9878949130766336,0.19389700889587402,1.1679736375808716
warrior2,174.10634841268535,109.75310508796032,118.68388115763975,109.5375057719437,3.0453613555970143,32.74846711126097,106.59765094089448,1.4911469221115112,0.5088531970977783,5.039791584014893,6.7143425941467285,2.7852771282196045,2.5247867107391357,2.6052157878875732,2.8411705493927,4.233998775482178,3.9567477703094482,3.8786911964416504,2.7159998416900635,3.8058788776397705,0.9353521149260845,1.1253106696091066,1.3974488973617554,0.4922938346862793
warrior2,107.27503308149358,176.3310955745248,96.4784835883053,137.90721882789904,31.91442410826043,1.898057816953042,93.20752169646086,1.2621952295303345,0.7378047108650208,3.3918066024780273,4.408388614654541,1.5286346673965454,1.6855134963989258,1.8898144960403442,1.5726927518844604,2.5532190799713135,2.5021297931671143,1.7652602195739746,1.7092359066009521,2.3964977264404297,1.2362752854373278,0.9330639132706915,0.056534647941589355,1.0720523595809937
warrior2,178.71138449847865,106.54558788244506,129.09882835359429,95.15072377836971,0.6045791075785798,34.50044061325302,88.82050768746616,1.3468481302261353,0.6531517505645752,3.437120199203491,4.749766826629639,1.6695818901062012,1.601619005203247,1.893057942390442,1.7777340412139893,2.316816568374634,2.3635475635528564,2.2040674686431885,2.1521224975585938,2.4108028411865234,1.1338508280173054,1.1099599377121874,1.332960605621338,0.05511796474456787
warrior2,176.67515835533598,122.70175097212386,140.59225249029112,110.9030014019982,1.6246170699029463,23.744168750647237,91.72726408300142,1.2290022373199463,0.770997941493988,2.7622687816619873,3.758498191833496,1.3997087478637695,1.2548589706420898,1.4649178981781006,1.7225478887557983,2.525681257247925,2.4044418334960938,1.780882716178894,1.6459113359451294,2.30283522605896,1.0465869087600852,1.3727012806651255,0.8560072183609009,0.24007749557495117
warrior2,119.72965793364126,178.20234379610602,109.9794393061732,140.38452371371204,24.193694337545516,0.901137803330313,93.34165247582203,1.2316539287567139,0.7683460116386414,2.8137450218200684,3.6849663257598877,1.221440315246582,1.4836182594299316,1.755064845085144,1.4751774072647095,2.7957279682159424,2.7219743728637695,1.7769708633422852,1.8596407175064087,2.3656792640686035,1.4368802030663548,0.9943099605161059,0.051364779472351074,0.8733159303665161
warrior2,171.7177168705662,100.8411926118995,126.97656752659452,94.09670902277671,4.1146598620841095,32.961726415245145,86.5096003645158,1.1903555393218994,0.8096444010734558,3.625138998031616,4.638293266296387,1.6204582452774048,1.493782877922058,1.6412181854248047,1.9815155267715454,2.514828681945801,2.4650750160217285,2.0256762504577637,1.9992691278457642,2.2919888496398926,1.0128105289953444,1.3265075062451144,1.136152744293213,0.04348421096801758
warrior2,175.21856702456992,118.54616005064548,138.28018745554735,115.40053538947019,2.4168656051282333,21.61201922029535,80.35050682094453,1.2343074083328247,0.7656925320625305,3.0833001136779785,3.8459558486938477,1.7108726501464844,1.35806405544281,1.6736619472503662,2.3622732162475586,3.06306791305542,3.169159173965454,1.862367868423462,1.7702338695526123,2.927231788635254,0.9782498825129886,1.7394403948324235,1.126448154449463,0.4363909363746643
warrior2,175.68162083097013,93.37556617533677,131.39922144243516,87.9278616576908,2.1561301318213286,38.13709382393436,84.35215602532676,1.2377204895019531,0.7622795104980469,3.3568902015686035,4.259081840515137,1.4745020866394043,1.4176758527755737,1.4787899255752563,1.7190139293670654,2.353898286819458,2.358023166656494,1.9144413471221924,1.7640037536621094,1.9800626039505005,1.0029073109271154,1.2125569561226341,1.1768473386764526,0.18041229248046875
warrior2,178.2583003189377,105.55223627672584,144.4527801750303,94.88404531629793,0.9219604223865909,25.259464096679707,76.70683164583406,1.2601739168167114,0.7398260831832886,3.1691675186157227,3.86551570892334,1.7142767906188965,1.2927591800689697,1.5241731405258179,2.2929420471191406,2.7269365787506104,2.953901529312134,1.8902089595794678,1.8522670269012451,2.656895160675049,0.8891051082074358,1.7736793586857005,1.0189361572265625,0.29431474208831787
warrior2,124.6232611985856,168.57195346690696,119.600338224054,154.22609056860918,23.92214349279067,5.796536649543819,85.59488739938011,1.2176152467727661,0.7823845744132996,2.2459323406219482,2.782013416290283,1.2617793083190918,1.1598185300827026,1.623757243156433,1.1269047260284424,2.0849554538726807,2.2405200004577637,1.3939391374588013,0.9861478209495544,2.2026991844177246,1.286877939408927,0.971620753746134,0.0977621078491211,0.5157502293586731
warrior2,93.98517691366726,179.69035700965247,90.96241261400684,132.0262146356912,31.955621618676215,0.1666890263349369,95.23663721798482,1.2131186723709106,0.7868813276290894,3.343979597091675,4.134972095489502,1.2219998836517334,1.6934984922409058,1.8693207502365112,1.4858529567718506,2.666172504425049,2.5270845890045166,1.7194364070892334,2.0083212852478027,2.2122743129730225,1.529721275364693,0.8773861247550249,0.21970796585083008,1.1061850786209106
warrior2,104.34509771259592,175.40474837931757,99.16023425652726,141.28576533174163,24.016220485759835,2.409403522395801,87.53694197343182,1.193124532699585,0.8068752884864807,3.5678417682647705,4.559398651123047,1.4097943305969238,1.9328980445861816,2.7160940170288086,1.7534332275390625,3.756338596343994,3.853640556335449,1.9196316003799438,1.9358420372009277,2.9815611839294434,1.9265874684652153,0.9071519966085237,0.22251510620117188,1.0788532495498657
warrior2,176.52345551942483,105.76666868724709,127.58835760022446,99.71896082880365,1.7179416985630604,29.80266922323652,85.1865804324153,1.198805332183838,0.8011944890022278,3.562354564666748,4.862899303436279,1.6263166666030884,1.5049753189086914,1.6649107933044434,2.1197597980499268,2.745302200317383,2.7793800830841064,1.951089859008789,2.030413866043091,2.347869396209717,1.0237303741414585,1.4085004338055203,1.38937509059906,0.10548317432403564
warrior2,68.38972667435856,163.42025202380447,73.31720804291191,147.49711791323963,42.2177543329754,6.268164934345356,93.51061584468098,1.512023687362671,0.4879763126373291,4.247734069824219,6.490000247955322,2.592663288116455,2.2463338375091553,3.611529588699341,3.6828324794769287,5.128896236419678,4.945030212402344,3.3290493488311768,3.617440700531006,3.390376091003418,1.3929800341883372,1.6394850927747848,0.2736823558807373,2.88421368598938
warrior2,179.73533008134626,113.71927745097075,138.4716051708191,117.37101872366708,0.13122123336572936,26.369135200148726,86.22694062674219,1.1897222995758057,0.8102778196334839,3.2335667610168457,3.9363300800323486,1.8035953044891357,1.4438996315002441,1.75511634349823,2.0857982635498047,2.8264386653900146,2.821542501449585,1.9389638900756836,1.9548754692077637,2.883253335952759,0.9731203923681594,1.444558038168191,1.1554263830184937,0.4086204767227173
warrior2,172.1661393716688,113.16583983534785,133.99289560141128,104.64353313829484,4.111088661549043,26.48133470720205,91.57554410545767,1.2002732753753662,0.7997266054153442,3.3176045417785645,4.495874404907227,1.6578999757766724,1.3639674186706543,1.5014747381210327,1.980592966079712,2.947728395462036,2.813150644302368,1.8008860349655151,1.7661718130111694,2.342116355895996,0.9056480212382051,1.4520812498063775,1.1212424039840698,0.20542848110198975
warrior2,143.07165404513574,121.8137024840757,159.82647155439565,114.08825566717817,23.444533960265332,20.575749809350476,85.14186792307596,1.2160416841506958,0.783958375453949,2.981804132461548,3.7869913578033447,2.113783359527588,1.3952902555465698,1.2388049364089966,2.4229443073272705,3.2948741912841797,3.3411715030670166,1.0364240407943726,1.8683788776397705,2.91841197013855,0.5860602245566139,1.7365150807729701,1.0530872344970703,0.03467845916748047
warrior2,174.2864948180969,111.26363247803965,141.6039015135579,114.9181856117765,2.9309116163247984,28.458428739496433,91.15527553482133,1.2460553646087646,0.7539448142051697,3.4087767601013184,4.189235687255859,1.9574025869369507,1.698406457901001,1.8585418462753296,2.304227828979492,3.173920154571533,3.193345546722412,2.128856897354126,1.9823765754699707,3.134916067123413,0.9494934303168796,1.3566990761022695,1.1569290161132812,0.277942419052124
warrior2,118.29908158466355,177.33567275449136,105.41999413757378,142.44020900750203,30.585404434237944,1.350891438784739,69.14545209521856,1.335322618484497,0.6646772623062134,3.0333237648010254,4.037446975708008,1.724542498588562,1.5861607789993286,1.7514644861221313,1.5416336059570312,2.651772975921631,2.8323941230773926,2.46645188331604,2.335987091064453,2.5233571529388428,1.0156105007241643,0.9719270924114758,0.7863640785217285,0.3406530022621155
warrior2,98.00629668808496,169.49722745479826,88.05696234711051,142.02742392698926,27.232680620101057,5.567360156167031,99.31789547752625,1.2093333005905151,0.7906667590141296,4.156609535217285,5.510789394378662,1.7083491086959839,2.2012951374053955,3.0491321086883545,1.952055811882019,3.811497211456299,3.6238787174224854,2.356637716293335,2.46330189704895,3.133118152618408,1.7848402930800966,0.8867756494511688,0.12753057479858398,1.5913283824920654
warrior2,172.5480439208849,112.4322358427629,133.67871188709088,104.45321183448893,3.911563768801869,26.748783078547294,91.48963535686669,1.1967581510543823,0.8032416701316833,3.3333916664123535,4.496526718139648,1.6561702489852905,1.368782639503479,1.4991950988769531,1.9879467487335205,2.9556496143341064,2.821812391281128,1.7679753303527832,1.7802879810333252,2.3400866985321045,0.9052174404038749,1.4523454922756387,1.1211997270584106,0.18731999397277832
warrior2,179.1516549815032,121.07121551963878,110.11580747508795,106.04163350460598,0.43160074478910265,33.292252647272846,100.95990365025311,1.2010091543197632,0.798990786075592,3.405938148498535,4.910063743591309,1.5869669914245605,1.2832037210464478,1.5375916957855225,1.0114444494247437,1.7522627115249634,1.543846845626831,2.2128148078918457,1.2971912622451782,1.6311334371566772,0.9688863947440334,0.7882175251038005,1.2090874910354614,0.32785987854003906
warrior2,173.82603274065815,100.96805227478133,132.7842955200824,95.0021285466456,2.9950633497893473,29.837776117595944,86.09361421246629,1.193767786026001,0.8062322735786438,3.5920252799987793,4.589726448059082,1.6896668672561646,1.4797558784484863,1.7932565212249756,2.251187801361084,2.8470499515533447,2.8312788009643555,1.9404911994934082,2.015864372253418,2.5938947200775146,1.0613071100991154,1.5213227484513787,1.176820158958435,0.07448875904083252
warrior2,171.13529823454328,92.21776314506333,124.24872403169901,72.50582824084375,4.4210666995560235,38.944287374713085,90.2643609900733,1.2411830425262451,0.7588170170783997,3.301914691925049,4.575169086456299,1.4326860904693604,1.252843976020813,1.4399906396865845,1.5005698204040527,1.7488685846328735,1.630597472190857,2.064487934112549,1.716260552406311,1.5631362199783325,1.005097797883299,1.19772984616983,1.1977696418762207,0.29449665546417236
warrior2,169.69860961305505,106.30715193688742,123.50313704607076,96.15617177125387,5.184061844547772,28.45665850817932,82.37596226294005,1.2451850175857544,0.7548149824142456,3.4643027782440186,4.605095386505127,1.65200936794281,1.3453792333602905,1.6308035850524902,2.004727363586426,2.6384975910186768,2.726367950439453,1.9456262588500977,1.9890702962875366,2.3031551837921143,0.9871630449167654,1.4900823677030814,1.222618579864502,0.08947515487670898
warrior2,124.18717501313486,175.86809907426687,110.28738587212183,143.43963127401776,22.70584702509883,2.06980303448635,93.04415702002842,1.275017499923706,0.724982500076294,3.2347419261932373,4.538015842437744,1.5789077281951904,1.8745191097259521,2.2342121601104736,1.8675895929336548,3.0477235317230225,2.9189372062683105,1.8934377431869507,1.9394090175628662,3.011559009552002,1.4150356636918104,0.9963027781049997,0.22076070308685303,1.1580556631088257
warrior2,102.21794753520956,176.58992546061143,100.96933067678147,136.08489846678427,33.32475888547856,1.8420691759364392,90.69794843584843,1.2174335718154907,0.7825663685798645,3.593519449234009,4.446025848388672,1.5161501169204712,1.8558717966079712,1.9328508377075195,1.5796650648117065,3.2155921459198,3.201902389526367,2.0407845973968506,2.054943323135376,2.4851372241973877,1.2748404932309305,0.8511709787970938,0.112129807472229,1.0999062061309814
warrior2,175.27473904183233,119.40649431286903,128.6659630764259,110.32069331850307,2.379814832173919,29.758601990795196,87.86151737558822,1.2104027271270752,0.7895973324775696,2.9785168170928955,4.04996919631958,1.3577929735183716,1.3346964120864868,1.3381856679916382,1.3783107995986938,2.0154969692230225,2.0070743560791016,2.0110368728637695,1.8768889904022217,1.9254599809646606,0.9855587033753557,1.032676610531542,1.0572534799575806,0.02203047275543213
warrior2,137.5399640505592,174.39436627985108,128.07622140346933,152.50896276986518,17.18634884625892,2.9647790644728107,91.01416773636808,1.2427899837493896,0.7572101354598999,2.856898069381714,3.8311867713928223,1.5656945705413818,2.0566720962524414,2.262286901473999,1.8322104215621948,3.354429244995117,3.3356401920318604,1.8542709350585938,1.8748769760131836,3.402595281600952,1.444908540356764,0.8908612773224629,0.16964519023895264,0.9144002199172974
warrior2,177.78415141554822,137.97700618831772,145.3910239915342,134.12399998752184,1.1992625774167103,17.243594484059518,75.05362135653567,1.2107045650482178,0.789295494556427,2.8156163692474365,3.647930145263672,1.6659066677093506,1.7001293897628784,1.4115720987319946,2.4037904739379883,3.2625012397766113,3.5265097618103027,0.8724325299263,1.8726303577423096,3.160166025161743,0.8473291323959921,1.4138859515788382,0.9802795648574829,0.5895565748214722
warrior2,177.60452793646044,97.00325091635557,143.71745441175216,85.81878432863718,1.155382806271096,25.489878235190265,92.10401101044482,1.2643457651138306,0.7356541752815247,3.6787712574005127,4.858442306518555,1.866235375404358,1.5726940631866455,2.0029242038726807,3.0823588371276855,4.044352054595947,3.9802775382995605,2.0992627143859863,2.098132371902466,3.132188320159912,1.073242505756382,1.959921480825476,1.0859078168869019,0.5079418420791626
warrior2,179.2561156238657,120.93136547282072,130.01993248684775,115.61349350289592,0.38512180183095585,31.46885617437,86.55617820290897,1.1844731569290161,0.8155267834663391,2.7762532234191895,3.5059127807617188,1.202371597290039,1.3401585817337036,1.1207393407821655,1.1893552541732788,1.5322729349136353,1.6019346714019775,1.7251993417739868,1.861087441444397,1.8196206092834473,0.9321065228100989,0.8874728579970036,0.8035398721694946,0.09745609760284424
warrior2,175.96211256528375,99.54133331609725,121.47790415239763,86.1092813780487,2.1107199171793365,39.76094991236271,85.25141185551486,1.21726655960083,0.7827333211898804,3.51940655708313,4.7143168449401855,1.4974638223648071,1.440753698348999,1.3673399686813354,1.4688719511032104,1.873275637626648,1.9178707599639893,2.017404079437256,1.8283827304840088,1.6434916257858276,0.913103231715335,1.0195156418968696,1.1922039985656738,0.05668175220489502
warrior2,173.90381061799982,116.45861655938505,144.16607137964397,109.18648568677514,3.1700885176537974,23.27909130343986,82.5256222475235,1.2317934036254883,0.7682065367698669,3.4882400035858154,4.60158634185791,2.0259275436401367,1.553524374961853,1.870110034942627,2.5404796600341797,3.6155292987823486,3.6910667419433594,1.814041018486023,2.048794984817505,3.1750118732452393,0.9230878555975428,1.6352997517639913,1.3401260375976562,0.16649186611175537
warrior2,168.75034137491883,97.827273540698,146.23894753540046,113.1273509349102,5.840330120810401,34.37983179675399,86.22541609577655,1.3786677122116089,0.6213322281837463,5.866255283355713,7.963519096374512,3.1961116790771484,2.7970597743988037,2.961038589477539,3.669076681137085,4.57295560836792,4.789128303527832,3.831983804702759,4.537465572357178,4.160691738128662,0.9264499993575054,1.3117615157738969,2.388200044631958,0.02714848518371582
warrior2,173.66268197386918,131.6931378233505,142.4454306515428,114.57515736751498,3.2584050514947474,21.065822063122766,81.69877774701055,1.2051174640655518,0.7948824167251587,2.902259588241577,3.8892292976379395,1.5868308544158936,1.3209481239318848,1.4994711875915527,1.682184100151062,2.543381690979004,2.7195115089416504,1.9436988830566406,1.9544254541397095,2.4721055030822754,0.9449464878202247,1.2734662294516987,0.8608174324035645,0.1356257200241089
warrior2,115.61578671473077,179.53859923990507,93.40635187195296,122.65777313816719,32.482551433085106,0.22641938826360836,94.37913393523618,1.2733736038208008,0.7266262769699097,3.366309642791748,4.7850260734558105,1.4939419031143188,1.476123571395874,1.4700745344161987,1.525346040725708,1.8390928506851196,1.7686790227890015,2.00779128074646,2.055225372314453,1.8794032335281372,0.984023239008423,1.0333450646941595,0.23840665817260742,1.2088661193847656
warrior2,101.99422933283189,177.96798610758213,94.51357489611681,134.23235620706927,33.784096304997995,0.986950792038927,82.10137066199502,1.255096435546875,0.7449034452438354,3.4607622623443604,4.497653484344482,1.5493452548980713,1.6352012157440186,1.943243145942688,1.731299638748169,2.1294431686401367,2.370335340499878,1.9738926887512207,2.260458469390869,2.420332908630371,1.2542342551249337,1.0587679138879016,0.29111266136169434,0.9638059139251709
warrior2,100.82606824402662,176.00570539252726,88.74574198500186,109.61914029598843,36.538749044608586,2.0586151585176995,87.15499677497034,1.2351473569869995,0.7648527026176453,3.325662851333618,4.553287029266357,1.2728413343429565,1.4042954444885254,1.4480674266815186,1.320687174797058,1.8601435422897339,1.9341177940368652,1.7588318586349487,1.8724123239517212,1.5231624841690063,1.13766441263836,0.9404618091716956,0.1936401128768921,1.1023110151290894
warrior2,176.08598393718106,102.33785081970518,119.27459718876027,84.78326952840646,2.0489905960858947,46.68223451159949,79.5393615357688,1.2280189990997314,0.7719810605049133,2.9825284481048584,3.8232405185699463,1.1803008317947388,1.2221051454544067,1.074419379234314,0.8646207451820374,1.1552380323410034,1.2735804319381714,1.741694450378418,1.838783860206604,1.2476279735565186,0.9102920543642448,0.7074841644467403,0.8931511640548706,0.0438922643661499
warrior2,102.65469915551122,176.58894956181734,98.62274478470164,139.78545757074392,28.00617879271815,1.6998478258466438,99.67830033862232,1.1995677947998047,0.8004322052001953,3.588240385055542,4.679843902587891,1.4506337642669678,1.9543030261993408,2.3434817790985107,1.9670522212982178,3.211831569671631,2.9503703117370605,1.5701048374176025,2.1124353408813477,2.9050889015197754,1.6154871211036466,1.006523138123841,0.3696908950805664,1.4973021745681763
warrior2,175.63995964127784,126.16901122143622,142.27204081773453,118.5266396998091,2.278299456302035,22.860311662922964,93.67918955690176,1.2321312427520752,0.7678688168525696,2.6548078060150146,3.4354686737060547,1.4647530317306519,1.2600833177566528,1.338550329208374,1.6691423654556274,2.4338126182556152,2.279794692993164,1.493996024131775,1.695388674736023,2.3593809604644775,0.913839661958012,1.3246275205037286,0.7274892330169678,0.1588878631591797
warrior2,173.79631848265115,114.6233898160717,129.673570027455,86.5043689046255,3.151942274929421,36.881102248853075,82.0617471526211,1.2435307502746582,0.7564693093299866,2.7046592235565186,3.634913206100464,0.9965333938598633,1.2187234163284302,0.9648903012275696,0.968815267086029,1.3607604503631592,1.41586172580719,1.9916651248931885,1.774906873703003,1.2450957298278809,0.9682458600252349,0.7949420345616068,0.7828149795532227,0.17386221885681152
warrior2,168.85377950471943,86.40515494254153,115.37406872777917,81.17038341342689,5.447515989400535,43.22751697962981,81.53296194050138,1.2622456550598145,0.7377542853355408,3.154513120651245,4.218466281890869,1.2637536525726318,1.2666321992874146,1.3218532800674438,1.4242960214614868,1.8048635721206665,1.9262399673461914,1.992291808128357,1.9282972812652588,1.4053633213043213,1.0459730275782095,1.1244739378872832,1.2829314470291138,0.26911771297454834
warrior2,176.40386385246734,113.69797605152826,144.74645712815195,108.27397125765226,1.9066992847075985,20.33023017689095,92.60028846363765,1.2320443391799927,0.767955482006073,3.6249730587005615,4.525773048400879,2.2465410232543945,1.4621492624282837,1.9902243614196777,3.0258772373199463,3.900688886642456,3.6761724948883057,1.9930894374847412,1.9609856605529785,3.5817346572875977,0.8859056900865763,2.0694707753871238,1.075479507446289,0.22519457340240479
warrior2,175.73597895668627,103.53701272182558,133.80568043250213,84.22592960630666,2.205667600452937,31.151550508191246,91.57679732081127,1.2621381282806396,0.7378619909286499,3.8256866931915283,5.297739505767822,1.9224247932434082,1.5439256429672241,1.7943191528320312,2.12184739112854,2.4648361206054688,2.383225202560425,2.0733423233032227,2.098045587539673,2.4298477172851562,0.9333619841860098,1.3743187869668654,1.2183138132095337,0.5334314107894897
warrior2,175.9215767257724,97.63117466028933,139.22247085025697,92.90297517260886,2.136708218044466,26.47876890302322,91.27646874506404,1.2278817892074585,0.7721182107925415,3.488767385482788,4.302685260772705,1.861340045928955,1.3204988241195679,1.691495418548584,2.4521353244781494,3.1074252128601074,2.977668523788452,1.9126113653182983,1.9251519441604614,2.736985683441162,0.9087509364542032,1.856975123880149,1.071664571762085,0.0664205551147461
warrior2,176.45325945536038,126.6512188656795,145.93876029915748,118.25923007788278,1.7770716874814183,19.857767503104817,86.24453201888058,1.2650737762451172,0.7349262833595276,3.240729331970215,4.4117817878723145,2.015413761138916,1.6375343799591064,2.0071847438812256,2.6601064205169678,3.512500524520874,3.5749454498291016,1.9330428838729858,1.9092049598693848,3.490048408508301,0.9959164647315376,1.6244573723856872,1.2095030546188354,0.01875007152557373
warrior2,178.3110088178987,119.48552839700668,138.26445092181643,103.54400569363428,0.8540920065419747,24.366426961244684,87.72634530961525,1.2398523092269897,0.7601476907730103,3.0557830333709717,4.121687889099121,1.5342967510223389,1.3498320579528809,1.499808430671692,1.929923415184021,2.398643732070923,2.382220506668091,1.8692302703857422,1.851815104484558,2.414813995361328,0.9775211034965894,1.4297497040936966,0.8933601379394531,0.26414668560028076
warrior2,111.30101220383231,178.0528776995047,84.89878734635307,111.61914091549629,41.524351100797745,0.97377723256225,94.55484761770975,1.2315510511398315,0.7684489488601685,3.3119401931762695,4.650833606719971,1.3904874324798584,1.3010302782058716,0.9579190611839294,1.3004590272903442,1.2768476009368896,1.254562497138977,2.083644390106201,1.8561712503433228,1.2344231605529785,0.6889083280437899,0.9995601559123802,0.18940448760986328,1.171339750289917
warrior2,126.18761015186546,178.32158585115207,106.92439555252845,135.27863497595933,22.094107826972817,0.8444147270313972,101.67804214965564,1.1982321739196777,0.8017678260803223,3.260502815246582,4.697062969207764,1.4234020709991455,1.5994740724563599,1.989594578742981,1.5797847509384155,2.8079850673675537,2.604140520095825,1.9812554121017456,1.9421424865722656,2.433650255203247,1.397773139091517,0.9876895102293122,0.1312098503112793,1.2210843563079834
warrior2,110.75684297338513,177.9346458944167,84.94690657237128,111.2268502558986,42.0041760302032,1.0451138938827917,93.70066644003225,1.2352620363235474,0.7647379636764526,3.353869676589966,4.674466133117676,1.4223661422729492,1.3170596361160278,0.9728571772575378,1.284698247909546,1.2751257419586182,1.2646312713623047,2.104220151901245,1.9278464317321777,1.23968505859375,0.6839705082774252,0.9754283232532729,0.19336915016174316,1.152756929397583
warrior2,177.78839517403648,102.62697796545594,138.56497131335595,94.63621623202197,1.0514605974487912,29.165030806678622,92.76301872181577,1.2018074989318848,0.7981925010681152,3.391845941543579,4.421781539916992,1.5829817056655884,1.4858711957931519,1.7457622289657593,2.273257255554199,3.1108243465423584,3.0734736919403076,1.8065308332443237,1.7965797185897827,2.5842137336730957,1.102830891782692,1.5299143910158066,0.9444496631622314,0.2770230770111084
warrior2,174.43475232613093,112.5161707751209,114.4794066417078,83.15927693156132,3.0216777644451254,42.52485517116215,82.23403294098264,1.8153955936431885,0.1846044510602951,5.716015338897705,7.664510726928711,2.822467088699341,3.343644380569458,2.376187562942505,2.087430715560913,2.598362445831299,2.7914631366729736,2.0033740997314453,3.173816204071045,3.151632785797119,0.8418828799008699,0.624297877906359,1.8086698055267334,0.17218661308288574
warrior2,176.23027794098834,113.89669268369146,129.5590052840353,117.33548705861652,1.8979547054397414,30.14292904677256,81.16929428542474,1.2355881929397583,0.7644118666648865,3.1839699745178223,3.936446189880371,1.5468822717666626,1.5361155271530151,1.5255769491195679,1.7963371276855469,2.6646101474761963,2.7809689044952393,2.1321663856506348,2.1379778385162354,2.467482805252075,0.9862262893160897,1.169401601983162,1.1780195236206055,0.5256093740463257
warrior2,178.73467745154784,108.51651852970399,142.24131682702858,99.805991210564,0.6330381296242357,24.497840576603664,79.49273596701848,1.2032235860824585,0.7967764139175415,3.4370532035827637,4.471319198608398,1.796383261680603,1.4195444583892822,1.7951074838638306,2.5031323432922363,3.3831138610839844,3.461794853210449,1.7592387199401855,1.8888791799545288,2.8861091136932373,0.9992892512788005,1.7633336984730799,1.2946090698242188,0.22245371341705322
warrior2,111.52552413957922,174.7821448233708,104.93948487691043,145.07826008508908,23.991421444789907,2.7428107525243224,94.04702506121343,1.1738427877426147,0.82615727186203,3.6333136558532715,4.668404579162598,1.5579668283462524,2.0212080478668213,2.6848630905151367,1.823982834815979,3.6269609928131104,3.637110471725464,2.0276429653167725,2.0432538986206055,3.167236328125,1.7233109963285045,0.902421665260704,0.010620713233947754,1.2069059610366821
warrior2,176.3069986229492,99.65191541287591,134.00874310934128,90.2788283922637,1.916527555355185,31.919746754998176,90.8607402422622,1.245297908782959,0.7547020316123962,3.1939055919647217,4.106055736541748,1.5254956483840942,1.273766040802002,1.4141018390655518,1.8023113012313843,2.464733600616455,2.390393018722534,1.631234884262085,1.7963473796844482,2.080517530441284,0.9269780045491813,1.414945781684377,0.9660223722457886,0.13577723503112793
warrior2,179.47998221561687,100.42201692897687,133.1956120720558,84.96104778993919,0.2624426388026188,27.781285997809274,84.93038338562285,1.2118840217590332,0.7881160378456116,3.391483783721924,4.620956897735596,1.5934690237045288,1.2883952856063843,1.5647985935211182,2.172180652618408,2.6224472522735596,2.6419553756713867,1.9845973253250122,1.7282650470733643,2.237844467163086,0.9820069221529787,1.6859569349007169,1.1584415435791016,0.21912992000579834
warrior2,178.21677191436797,97.44212873123445,108.35662530655352,84.66748820270043,0.9323022937612381,46.03183097118863,88.67193812032211,1.2647478580474854,0.7352522611618042,3.2996468544006348,4.339507579803467,1.306971788406372,1.3752537965774536,1.192036747932434,1.137286901473999,1.5216203927993774,1.517738938331604,1.9665234088897705,1.9414864778518677,1.2913168668746948,0.9120593469936872,0.8269645045444113,1.0441924333572388,0.02764451503753662
warrior2,105.19031255064365,177.01784049402417,91.48521839190849,132.03392487173676,32.37120572934105,1.4943622067606852,92.71462829359089,1.2415552139282227,0.7584446668624878,3.472644805908203,4.720544815063477,1.4714946746826172,1.6313364505767822,1.854608178138733,1.6242507696151733,2.3334970474243164,2.309267520904541,1.8927781581878662,1.9931445121765137,2.2108426094055176,1.260355847487454,0.995655907391139,0.16345536708831787,1.200701355934143
warrior2,172.59816289948378,117.58313147260748,143.18502486109378,109.24957254354769,3.70792315132755,20.22939474511809,79.5247517836622,1.2239643335342407,0.7760356068611145,3.1524641513824463,4.289602756500244,1.7358193397521973,1.3579295873641968,1.7292605638504028,2.637315034866333,3.427412986755371,3.4651615619659424,1.778095006942749,1.8215534687042236,2.9802064895629883,0.996220936146692,1.9421574706447096,1.3425469398498535,0.2694125175476074
warrior2,127.67461097744147,178.791148665512,114.74767847257581,145.42880229788716,22.779071245460443,0.6058723384365376,93.54725494431767,1.1886634826660156,0.8113365769386292,3.1394894123077393,4.287795066833496,1.5732277631759644,1.692067265510559,2.003728151321411,1.6853060722351074,3.0158743858337402,2.9186534881591797,1.9327455759048462,2.0030438899993896,2.801729679107666,1.273640679742197,0.9960035931095185,0.20288681983947754,0.9820188283920288
warrior2,174.63764925460455,118.74398208650591,135.97389508263976,102.90273392191078,2.6916638934746397,24.319284603965237,85.25496937620557,1.205815076828003,0.7941850423812866,3.057133913040161,4.3003082275390625,1.4691457748413086,1.2806342840194702,1.4577463865280151,1.8687118291854858,2.4316365718841553,2.397390127182007,1.667851209640503,1.7054097652435303,2.213266611099243,0.9922401297756483,1.4592068893496728,1.1033756732940674,0.1980605125427246
warrior2,107.16358951433685,170.2840610840073,108.31176350501394,138.69814946702576,27.341617963019186,4.645405905130853,91.6297836861528,1.2079241275787354,0.7920758128166199,2.864218235015869,3.659642457962036,1.2909104824066162,1.3342971801757812,2.0045077800750732,1.4560714960098267,2.8221304416656494,2.921508550643921,1.8181875944137573,1.6975924968719482,2.317265748977661,1.5527848403192728,1.0912639450786052,0.2482595443725586,1.0898411273956299
warrior2,177.09228950763944,128.84068361911577,145.4502280650003,122.81732708409024,1.5137486295916185,20.279773963674756,88.17968595206388,1.1944347620010376,0.8055652379989624,3.3847720623016357,4.483985900878906,2.0848636627197266,1.702160358428955,1.9192794561386108,2.520474433898926,3.742645263671875,3.6805756092071533,2.17301082611084,2.0010921955108643,3.453634738922119,0.920577479420123,1.480749413924688,1.1350650787353516,0.04974544048309326
warrior2,178.7012498367095,122.54193324037426,140.99829249120478,109.87757515662328,0.637350892340222,21.61976010057035,87.59026975471876,1.2236626148223877,0.7763374447822571,3.684800624847412,5.161767959594727,2.038241147994995,1.716740608215332,2.115649461746216,2.7280876636505127,3.715952157974243,3.7044613361358643,2.25254487991333,2.1556925773620605,3.395366668701172,1.0379774865451417,1.5891079068599863,1.262894630432129,0.3221546411514282
warrior2,179.31901207112634,123.49357037754694,137.29335360798245,110.18676412862715,0.3516591364137872,24.362983252079438,92.90127375272908,1.3491398096084595,0.6508601307868958,3.1763343811035156,4.300501823425293,1.7589197158813477,1.5832221508026123,1.6434134244918823,2.0419533252716064,3.097461462020874,3.062107563018799,2.091385841369629,1.9907872676849365,2.752885341644287,0.9343305867362034,1.2897444837365104,0.8869000673294067,0.34297776222229004
warrior2,103.7146901296257,175.3519804449397,99.14358200996047,120.78868243809481,34.894885346477686,2.4002879553137024,88.72295871673131,1.288049340248108,0.7119506597518921,3.3461098670959473,4.4322123527526855,1.47697913646698,1.483532190322876,1.707053542137146,1.3893492221832275,2.427766799926758,2.457421064376831,1.80906343460083,1.9874681234359741,1.9485487937927246,1.1557728502839006,0.9365137438420571,0.028664112091064453,1.1498472690582275
warrior2,175.0830274092996,106.86472497957435,134.42490374507767,95.55890395096426,2.497008034607672,25.92797710145802,85.0350068516007,1.1964704990386963,0.8035295009613037,3.415327310562134,4.469724655151367,1.6844654083251953,1.3100941181182861,1.6325546503067017,2.198715925216675,2.945032835006714,2.9002597332000732,2.052107334136963,2.0524442195892334,2.49603009223938,0.9691820758419828,1.6782872440397545,1.0861711502075195,0.09069383144378662
warrior2,175.0830274092996,106.86472497957435,134.42490374507767,95.55890395096426,2.497008034607672,25.92797710145802,85.0350068516007,1.1964704990386963,0.8035295009613037,3.415327310562134,4.469724655151367,1.6844654083251953,1.3100941181182861,1.6325546503067017,2.198715925216675,2.945032835006714,2.9002597332000732,2.052107334136963,2.0524442195892334,2.49603009223938,0.9691820758419828,1.6782872440397545,1.0861711502075195,0.09069383144378662
warrior2,168.85377950471943,86.40515494254153,115.37406872777917,81.17038341342689,5.447515989400535,43.22751697962981,81.53296194050138,1.2622456550598145,0.7377542853355408,3.154513120651245,4.218466281890869,1.2637536525726318,1.2666321992874146,1.3218532800674438,1.4242960214614868,1.8048635721206665,1.9262399673461914,1.992291808128357,1.9282972812652588,1.4053633213043213,1.0459730275782095,1.1244739378872832,1.2829314470291138,0.26911771297454834
warrior2,131.89703130460478,173.77603096147382,125.01334306122443,138.7972913461802,24.1626598169749,3.2053403691483378,96.33361210034931,1.2465794086456299,0.7534204721450806,2.266594648361206,2.9696924686431885,1.1342369318008423,1.2114840745925903,1.1244174242019653,1.1410309076309204,1.8952919244766235,1.7437642812728882,1.5379003286361694,1.6316869258880615,1.9125794172286987,0.9913417570303924,0.941844791620431,0.13336491584777832,0.8173879384994507
warrior2,176.49926668145815,113.68582003457155,140.64452722093745,113.80049790753267,1.8240260233847458,24.115143294446607,83.94835280327217,1.2214510440826416,0.7785488963127136,3.2192487716674805,3.9559950828552246,1.817495346069336,1.4203683137893677,1.670958399772644,2.3351430892944336,3.2051563262939453,3.200767993927002,1.8734954595565796,1.8279802799224854,2.931650400161743,0.9193737326550303,1.6440393823100585,1.1795685291290283,0.4125347137451172
warrior2,177.74466753202654,137.91145263278148,148.14070294112437,131.6998840511185,1.1232648110385075,15.719604904311453,87.26648022164446,1.174072265625,0.8259275555610657,3.0327155590057373,4.14688777923584,1.9590766429901123,1.6915533542633057,1.9738057851791382,2.773047685623169,3.407442569732666,3.3168814182281494,1.9926230907440186,2.008225440979004,3.696608781814575,1.0075178961087763,1.6393488501472766,1.0986055135726929,0.01779758930206299
warrior2,107.54385913508256,177.08663989616983,101.02508308749613,139.56550569105434,26.900556923765905,1.5598452973947725,86.0970153805118,1.2537068128585815,0.7462931871414185,3.29724383354187,4.138436317443848,1.3389116525650024,1.825941801071167,2.112727403640747,1.5839195251464844,2.836311101913452,2.949965715408325,1.9966278076171875,2.0357472896575928,2.6293447017669678,1.5779426683236732,0.867452980573815,0.19565629959106445,0.8979153633117676
warrior2,176.57463017978773,96.73074776335405,113.24426323281708,92.88669940679169,1.791440130782084,39.79455581233659,90.31498580782042,1.2352590560913086,0.7647409439086914,3.2310755252838135,4.196779251098633,1.378609299659729,1.2737876176834106,1.2572624683380127,1.3693106174468994,1.66801917552948,1.6073167324066162,1.9717999696731567,1.9238221645355225,1.5701520442962646,0.9119781483196031,1.0749904642241277,1.1072473526000977,0.10248363018035889
warrior2,138.20241397563822,172.0131317406851,132.12366139647895,143.7475147832785,18.898834103657702,4.453862146880856,91.44770395434392,1.1947455406188965,0.8052543997764587,2.68815279006958,3.6432743072509766,1.6393508911132812,1.4006619453430176,1.9693783521652222,1.1115213632583618,2.78529691696167,2.783269166946411,1.8396672010421753,1.6153415441513062,2.5948970317840576,1.201315204405456,0.793568050724833,0.021329641342163086,0.7390352487564087
warrior2,179.73533008134626,113.71927745097075,138.4716051708191,117.37101872366708,0.13122123336572936,26.369135200148726,86.22694062674219,1.1897222995758057,0.8102778196334839,3.2335667610168457,3.9363300800323486,1.8035953044891357,1.4438996315002441,1.75511634349823,2.0857982635498047,2.8264386653900146,2.821542501449585,1.9389638900756836,1.9548754692077637,2.883253335952759,0.9731203923681594,1.444558038168191,1.1554263830184937,0.4086204767227173
warrior2,177.53621366929593,103.6715830507676,137.29575544995961,96.03948712241846,1.16466074686247,28.806793629287686,92.67886149982603,1.2126634120941162,0.7873366475105286,3.34332275390625,4.384213924407959,1.5569820404052734,1.4763141870498657,1.7363544702529907,2.2596490383148193,3.0577354431152344,3.037662982940674,1.752301812171936,1.8305635452270508,2.5717949867248535,1.1152044853366085,1.5306006861788755,0.9603263139724731,0.24799871444702148
warrior2,178.52448301448035,96.66492851373923,108.8452532743271,81.97120675506373,0.759760786016332,46.37261839235736,87.81051941258889,1.2869137525558472,0.7130863070487976,3.266523838043213,4.3179144859313965,1.2846250534057617,1.3836448192596436,1.2112399339675903,1.1493860483169556,1.508447527885437,1.5072695016860962,1.9495694637298584,1.9655797481536865,1.2907679080963135,0.9428735551146481,0.8306938324230728,1.0582228899002075,0.030379176139831543
warrior2,176.57463017978773,96.73074776335405,113.24426323281708,92.88669940679169,1.791440130782084,39.79455581233659,90.31498580782042,1.2352590560913086,0.7647409439086914,3.2310755252838135,4.196779251098633,1.378609299659729,1.2737876176834106,1.2572624683380127,1.3693106174468994,1.66801917552948,1.6073167324066162,1.9717999696731567,1.9238221645355225,1.5701520442962646,0.9119781483196031,1.0749904642241277,1.1072473526000977,0.10248363018035889
warrior2,137.17547004155253,169.8088498457003,128.4798880748466,157.7844880322231,17.288904727592847,5.156245020691761,84.75966301425068,1.2981808185577393,0.7018190622329712,2.6901156902313232,3.6692771911621094,1.7000746726989746,2.0787346363067627,2.4659512042999268,2.0299253463745117,3.445002555847168,3.5716819763183594,1.993078351020813,2.17970871925354,3.7057058811187744,1.4504949655476675,0.9765192412735219,0.38641226291656494,0.774221658706665
warrior2,179.5394481886403,111.1047982530029,135.17540622378903,103.111555632156,0.23069991251677843,24.6016538100386,86.71358495850191,1.2240036725997925,0.7759963274002075,3.118847131729126,4.127571105957031,1.6019022464752197,1.2313634157180786,1.5982469320297241,2.0655503273010254,2.7251720428466797,2.699606418609619,1.9554367065429688,1.745729684829712,2.472090005874634,0.9977175185495498,1.6774484473765516,1.1065211296081543,0.0034123659133911133
warrior2,103.7146901296257,175.3519804449397,99.14358200996047,120.78868243809481,34.894885346477686,2.4002879553137024,88.72295871673131,1.288049340248108,0.7119506597518921,3.3461098670959473,4.4322123527526855,1.47697913646698,1.483532190322876,1.707053542137146,1.3893492221832275,2.427766799926758,2.457421064376831,1.80906343460083,1.9874681234359741,1.9485487937927246,1.1557728502839006,0.9365137438420571,0.028664112091064453,1.1498472690582275
warrior2,179.73533008134626,113.71927745097075,138.4716051708191,117.37101872366708,0.13122123336572936,26.369135200148726,86.22694062674219,1.1897222995758057,0.8102778196334839,3.2335667610168457,3.9363300800323486,1.8035953044891357,1.4438996315002441,1.75511634349823,2.0857982635498047,2.8264386653900146,2.821542501449585,1.9389638900756836,1.9548754692077637,2.883253335952759,0.9731203923681594,1.444558038168191,1.1554263830184937,0.4086204767227173
warrior2,173.98229669492017,127.68747002408223,147.9137912503045,111.3389257419955,3.0464539579643604,20.997212124221956,84.13609359599499,1.2274105548858643,0.7725895047187805,3.207679271697998,4.5430498123168945,1.867990255355835,1.5607627630233765,1.8220585584640503,2.2638914585113525,2.9199206829071045,3.0246658325195312,1.9256138801574707,1.9170536994934082,3.028977394104004,0.9754106467254127,1.4505023195348528,1.160479187965393,0.24572515487670898
warrior2,173.90381061799982,116.45861655938505,144.16607137964397,109.18648568677514,3.1700885176537974,23.27909130343986,82.5256222475235,1.2317934036254883,0.7682065367698669,3.4882400035858154,4.60158634185791,2.0259275436401367,1.553524374961853,1.870110034942627,2.5404796600341797,3.6155292987823486,3.6910667419433594,1.814041018486023,2.048794984817505,3.1750118732452393,0.9230878555975428,1.6352997517639913,1.3401260375976562,0.16649186611175537
warrior2,177.19627568361625,117.35357060190496,131.33723369473213,98.11849271038437,1.4232656967793886,29.90814477029215,87.95653791082925,1.2152220010757446,0.7847779393196106,3.078556537628174,4.247551918029785,1.3225411176681519,1.3572968244552612,1.2826957702636719,1.472149133682251,2.0862176418304443,2.050060272216797,1.8507004976272583,1.907164454460144,1.8204165697097778,0.969871396251081,1.0846176182983895,0.9463562965393066,0.28390681743621826
warrior2,179.61335696804522,105.59793138276478,146.2570987123964,98.75011174900095,0.23490244801451995,34.793822037773616,93.41630192005722,1.2244724035263062,0.7755276560783386,3.1079013347625732,3.4579343795776367,1.5742422342300415,1.4090218544006348,1.015331745147705,1.5742396116256714,2.6026766300201416,2.43198823928833,2.0065577030181885,1.849812388420105,2.0933918952941895,0.6449649730553242,1.1172562650130442,0.4406251907348633,0.13500738143920898
warrior2,149.05522581839176,170.68371009166802,134.09400684155517,157.69834144788348,12.89697239260063,5.017899650900899,95.99286171676617,1.159564733505249,0.840435266494751,2.2189552783966064,2.8475024700164795,1.44135582447052,1.3202581405639648,2.0006675720214844,1.1313155889511108,2.2517406940460205,2.115971326828003,1.4701974391937256,1.2951236963272095,2.7316880226135254,1.388044610505401,0.8568890410922325,0.17380988597869873,0.2877998352050781
warrior2,99.1757413683632,173.854869172058,102.65566781535823,132.94541942746844,34.158708030913594,2.9925131950665422,91.85866870408839,1.186009407043457,0.8139905333518982,3.2224886417388916,4.059500217437744,1.4386104345321655,1.435807228088379,1.8636006116867065,1.5126525163650513,2.5131568908691406,2.4497663974761963,1.8675658702850342,1.873950481414795,2.2133827209472656,1.2954162374586902,1.0535198829296182,0.31016409397125244,1.1706613302230835
warrior2,132.9752759643483,178.05881693237401,131.7564155313019,149.3842719628454,19.56195396833512,0.9924867551838248,92.79751152880574,1.2245112657546997,0.7754887342453003,2.947152853012085,3.7221319675445557,1.7419906854629517,1.997247576713562,2.399329662322998,1.9092113971710205,3.49015474319458,3.414764165878296,1.8058123588562012,1.9292548894882202,3.563899278640747,1.3773485156936052,0.9559207699186822,0.21980035305023193,1.0002737045288086
warrior2,178.10710463674275,113.17603866589731,129.66373400891936,92.78760699685027,0.9477067590479438,39.58965916967457,82.40838479705609,1.262389063835144,0.7376109957695007,3.2063002586364746,4.254223346710205,1.3281464576721191,1.5722510814666748,1.3247215747833252,1.1290233135223389,1.4137004613876343,1.5179845094680786,1.8175618648529053,1.9740737676620483,1.7306255102157593,0.9974205553238806,0.7180930633395186,1.004329800605774,0.05922365188598633
warrior2,99.1757413683632,173.854869172058,102.65566781535823,132.94541942746844,34.158708030913594,2.9925131950665422,91.85866870408839,1.186009407043457,0.8139905333518982,3.2224886417388916,4.059500217437744,1.4386104345321655,1.435807228088379,1.8636006116867065,1.5126525163650513,2.5131568908691406,2.4497663974761963,1.8675658702850342,1.873950481414795,2.2133827209472656,1.2954162374586902,1.0535198829296182,0.31016409397125244,1.1706613302230835
warrior2,151.56081270933976,93.53233638769159,146.16442915960485,95.26394898690107,16.21830947420458,37.1384636765896,88.61390052807079,1.2287876605987549,0.7712122797966003,3.166487216949463,3.8432118892669678,1.757672905921936,1.2712016105651855,1.3321470022201538,1.596976637840271,2.712655544281006,2.730088233947754,1.8918699026107788,1.938262701034546,2.0813276767730713,0.7579033845424333,1.256272308259534,1.1397783756256104,0.22010588645935059
warrior2,98.5422969754649,177.47338044888104,94.93578817580634,141.38358776174013,25.37652907617833,1.2747215022803755,95.58674830909771,1.2401632070541382,0.7598367929458618,3.5053393840789795,4.355040550231934,1.3824915885925293,1.9046924114227295,2.6769134998321533,1.8700916767120361,3.743703842163086,3.662881374359131,1.8754277229309082,2.039792060852051,2.996318817138672,1.9362950094057516,0.9818334360253563,0.2622051239013672,1.2755998373031616
warrior2,133.07887831503524,179.6215408457598,125.67080782439915,147.951775070319,18.49762989339273,0.17913678902801208,90.21615610999486,1.211316466331482,0.7886834740638733,3.1029038429260254,4.265427589416504,1.6775791645050049,1.9392707347869873,2.5168240070343018,2.1502976417541504,3.784578323364258,3.8010051250457764,1.9387786388397217,2.039006233215332,3.577436923980713,1.5002704850035757,1.1088170900352665,0.17508292198181152,1.0573617219924927
warrior2,175.8912938602955,94.02536914313805,122.57571792171925,87.0200008954101,2.17789642064339,40.82690156663199,85.43360581431736,1.242060661315918,0.7579394578933716,4.2376275062561035,5.425976753234863,1.9308209419250488,1.8054472208023071,1.7119038105010986,1.9577525854110718,2.559523344039917,2.6458489894866943,2.597552537918091,2.741145610809326,2.229581356048584,0.8866192025942659,1.0843582013895052,1.358117938041687,0.09455657005310059
warrior2,169.10649587756816,116.99682576990519,149.63371927783996,113.03595476757235,6.492714453826964,23.911933928627015,86.71464956600144,1.2061396837234497,0.7938601970672607,2.7710750102996826,3.3331828117370605,1.4123305082321167,1.4304563999176025,0.9584023356437683,2.225297689437866,2.7948858737945557,2.7760112285614014,1.5059542655944824,1.67720627784729,2.4579529762268066,0.6785958750176484,1.5556546385555057,0.6196984052658081,0.14023995399475098
warrior2,98.32669398213402,170.76102810519217,87.26987120769698,132.2201468957813,31.37894036926291,4.78151491577389,89.3301246887905,1.218213438987732,0.7817866802215576,3.623124837875366,4.926305294036865,1.384567379951477,1.7814536094665527,2.0457212924957275,1.6609437465667725,2.6133458614349365,2.679631471633911,2.108240842819214,2.125659704208374,2.248002052307129,1.4775155363344503,0.9323525492822595,0.24642634391784668,1.3027514219284058
warrior2,178.1065877582018,144.50395866778166,151.30346595131925,132.86828784232557,0.9759851727934118,15.177934747854644,79.9754095415871,1.251883625984192,0.7481163144111633,2.6411123275756836,3.625159502029419,1.8753365278244019,1.5872858762741089,1.7625670433044434,2.105119228363037,2.95829439163208,3.199178457260132,1.6794627904891968,1.8121787309646606,3.2773454189300537,0.9398665664997465,1.3262374053671089,1.033828854560852,0.1005016565322876
warrior2,127.67461097744147,178.791148665512,114.74767847257581,145.42880229788716,22.779071245460443,0.6058723384365376,93.54725494431767,1.1886634826660156,0.8113365769386292,3.1394894123077393,4.287795066833496,1.5732277631759644,1.692067265510559,2.003728151321411,1.6853060722351074,3.0158743858337402,2.9186534881591797,1.9327455759048462,2.0030438899993896,2.801729679107666,1.273640679742197,0.9960035931095185,0.20288681983947754,0.9820188283920288
warrior2,178.20016780408125,100.92309256138121,125.44346941175941,79.54581499926859,0.841629354068268,38.343463715098615,87.64335180527236,1.2425243854522705,0.757475733757019,3.248056411743164,4.547317028045654,1.2174267768859863,1.450880765914917,1.387236475944519,1.5261093378067017,1.981544017791748,1.9757946729660034,1.856513500213623,1.8788257837295532,1.5611152648925781,1.1394815382748045,1.0518495536018724,1.088172197341919,0.3160979747772217
warrior2,173.98229669492017,127.68747002408223,147.9137912503045,111.3389257419955,3.0464539579643604,20.997212124221956,84.13609359599499,1.2274105548858643,0.7725895047187805,3.207679271697998,4.5430498123168945,1.867990255355835,1.5607627630233765,1.8220585584640503,2.2638914585113525,2.9199206829071045,3.0246658325195312,1.9256138801574707,1.9170536994934082,3.028977394104004,0.9754106467254127,1.4505023195348528,1.160479187965393,0.24572515487670898
warrior2,174.22310870774396,120.80245414305334,131.3609442465226,107.14887661165058,2.7552716353548363,27.327442477875834,89.12571202844349,1.2497661113739014,0.7502339482307434,3.0196690559387207,4.317800998687744,1.4074276685714722,1.4096945524215698,1.543371319770813,1.6213284730911255,2.1328840255737305,2.138683795928955,1.8165624141693115,1.7004369497299194,2.153602123260498,1.0965893719767137,1.1501266853726064,1.1570887565612793,0.17153191566467285
warrior2,177.60452793646044,97.00325091635557,143.71745441175216,85.81878432863718,1.155382806271096,25.489878235190265,92.10401101044482,1.2643457651138306,0.7356541752815247,3.6787712574005127,4.858442306518555,1.866235375404358,1.5726940631866455,2.0029242038726807,3.0823588371276855,4.044352054595947,3.9802775382995605,2.0992627143859863,2.098132371902466,3.132188320159912,1.073242505756382,1.959921480825476,1.0859078168869019,0.5079418420791626
warrior2,175.66049209087845,102.56996917861007,144.38499535466607,95.21249058621964,2.344683992703281,36.34692960676518,93.19886330268919,1.257094144821167,0.7429057955741882,3.210068702697754,3.7112104892730713,1.6164127588272095,1.4428281784057617,1.3753368854522705,1.5998002290725708,2.758927583694458,2.578503131866455,2.131012439727783,2.11177396774292,2.2547550201416016,0.8508569528943799,1.108793925861863,0.5299297571182251,0.1328263282775879
warrior2,98.65549660496207,179.8154825278411,98.24214271942787,128.9133288679618,41.42212052002846,0.10087055545943382,97.85038439977475,1.2188032865524292,0.781196653842926,3.109219551086426,3.7385001182556152,1.3581846952438354,1.3487744331359863,1.3174306154251099,1.178132176399231,2.005030393600464,1.8564505577087402,1.8809406757354736,1.9023953676223755,1.7507643699645996,0.9699929987766447,0.8734828255731206,0.3084540367126465,0.9303841590881348
warrior2,169.10649587756816,116.99682576990519,149.63371927783996,113.03595476757235,6.492714453826964,23.911933928627015,86.71464956600144,1.2061396837234497,0.7938601970672607,2.7710750102996826,3.3331828117370605,1.4123305082321167,1.4304563999176025,0.9584023356437683,2.225297689437866,2.7948858737945557,2.7760112285614014,1.5059542655944824,1.67720627784729,2.4579529762268066,0.6785958750176484,1.5556546385555057,0.6196984052658081,0.14023995399475098
warrior2,115.61578671473077,179.53859923990507,93.40635187195296,122.65777313816719,32.482551433085106,0.22641938826360836,94.37913393523618,1.2733736038208008,0.7266262769699097,3.366309642791748,4.7850260734558105,1.4939419031143188,1.476123571395874,1.4700745344161987,1.525346040725708,1.8390928506851196,1.7686790227890015,2.00779128074646,2.055225372314453,1.8794032335281372,0.984023239008423,1.0333450646941595,0.23840665817260742,1.2088661193847656
warrior2,177.2697786512968,123.12189619553347,139.13682304874652,105.06282378919717,1.383383721409803,22.273023215759213,77.73911442040108,1.2079201936721802,0.7920798659324646,3.0610315799713135,4.248040199279785,1.5589579343795776,1.2869731187820435,1.5176342725753784,1.928376317024231,2.519460678100586,2.7283663749694824,1.853389024734497,1.8515591621398926,2.405754327774048,0.9734921421643187,1.4983800286902373,1.090928077697754,0.057308077812194824
warrior2,176.52345551942483,105.76666868724709,127.58835760022446,99.71896082880365,1.7179416985630604,29.80266922323652,85.1865804324153,1.198805332183838,0.8011944890022278,3.562354564666748,4.862899303436279,1.6263166666030884,1.5049753189086914,1.6649107933044434,2.1197597980499268,2.745302200317383,2.7793800830841064,1.951089859008789,2.030413866043091,2.347869396209717,1.0237303741414585,1.4085004338055203,1.38937509059906,0.10548317432403564
warrior2,174.4751488831886,121.26946802715283,138.4207435202086,103.14706422503959,2.9073065289467475,22.68624203751327,86.81988739621993,1.2219500541687012,0.7780500054359436,3.3929708003997803,4.840651988983154,1.8344615697860718,1.3933463096618652,1.6518149375915527,2.1257243156433105,2.8592424392700195,2.875534772872925,1.9335896968841553,1.9545761346817017,2.58921217918396,0.9004353453688517,1.5256241576690432,1.1848855018615723,0.3880122900009155
warrior2,115.5576632907537,179.68101892515222,110.21702387917931,127.37692863097699,30.21394909681096,0.16902045629320203,91.01641653412197,1.2107964754104614,0.7892034649848938,3.0805187225341797,3.9539811611175537,1.43350350856781,1.3462231159210205,1.602320671081543,1.1924688816070557,2.165565013885498,2.1632933616638184,1.9164386987686157,1.9396347999572754,2.0011208057403564,1.1177646540382313,0.8857877878611816,0.035300493240356445,0.8823754787445068
warrior2,178.1065877582018,144.50395866778166,151.30346595131925,132.86828784232557,0.9759851727934118,15.177934747854644,79.9754095415871,1.251883625984192,0.7481163144111633,2.6411123275756836,3.625159502029419,1.8753365278244019,1.5872858762741089,1.7625670433044434,2.105119228363037,2.95829439163208,3.199178457260132,1.6794627904891968,1.8121787309646606,3.2773454189300537,0.9398665664997465,1.3262374053671089,1.033828854560852,0.1005016565322876
warrior2,168.75034137491883,97.827273540698,146.23894753540046,113.1273509349102,5.840330120810401,34.37983179675399,86.22541609577655,1.3786677122116089,0.6213322281837463,5.866255283355713,7.963519096374512,3.1961116790771484,2.7970597743988037,2.961038589477539,3.669076681137085,4.57295560836792,4.789128303527832,3.831983804702759,4.537465572357178,4.160691738128662,0.9264499993575054,1.3117615157738969,2.388200044631958,0.02714848518371582
warrior2,177.04534044447817,98.95312986438759,126.41047714218487,94.06128629829819,1.5556996841311546,36.17821485200568,87.46708463121712,1.2492961883544922,0.7507038116455078,3.7127084732055664,4.77155065536499,1.7064716815948486,1.612548828125,1.5341371297836304,1.9272065162658691,2.497931480407715,2.542402982711792,2.0262858867645264,2.1988494396209717,2.201265811920166,0.8990106588462022,1.1951299008891638,1.2310336828231812,0.1094362735748291
warrior2,178.5150964080174,107.14208794644827,131.48008274212444,100.47670046566405,0.7613045166014609,31.70586663132185,88.8106954315654,1.2064852714538574,0.7935147881507874,3.1702945232391357,4.062168598175049,1.4012973308563232,1.385622262954712,1.331949234008789,1.7349568605422974,2.327719211578369,2.2530953884124756,1.9956690073013306,1.9323290586471558,2.0547120571136475,0.9505108260528967,1.2521129710558296,0.9586087465286255,0.00425112247467041
warrior2,178.6885051088256,117.15327424664373,139.67273448960268,101.56447086532788,0.6495153035397658,28.623676813807936,78.12309058245145,1.2209421396255493,0.7790578007698059,3.0024049282073975,4.04971981048584,1.4366402626037598,1.3313854932785034,1.4638893604278564,1.5630621910095215,2.181662082672119,2.3439388275146484,2.1306986808776855,1.962369680404663,2.142202138900757,1.0189665287593874,1.1740108517704149,1.087577223777771,0.03921699523925781
warrior2,109.28733281916556,175.55520633848468,103.9648127812511,133.4465101682321,28.527560863803163,2.3425126086101793,101.61168275797495,1.1924328804016113,0.8075670599937439,5.454346179962158,7.483705520629883,2.627988338470459,2.904200553894043,3.695216178894043,2.606210708618164,4.261378765106201,3.8668978214263916,3.645498752593994,3.6107423305511475,4.182374954223633,1.406100140818962,0.8973931940514516,0.5662109851837158,2.2531073093414307
warrior2,105.40581528717047,173.96928045240506,97.70087559024624,133.1704708875848,31.107290678662423,2.995782232067701,96.98319308961156,1.201050043106079,0.7989498972892761,3.0828750133514404,4.077605724334717,1.3167461156845093,1.3422060012817383,1.7539600133895874,1.3597488403320312,2.3965725898742676,2.3368804454803467,1.7882254123687744,1.718183159828186,1.9899929761886597,1.3320401408115434,1.0130693991564204,0.12355482578277588,1.1133008003234863
warrior2,110.81197668231862,178.56073737471004,100.81751847656795,127.30539976609352,30.611147692724554,0.7276616707502042,96.89858441647316,1.204806923866272,0.7951931357383728,3.5911128520965576,4.894223690032959,1.5524030923843384,1.6595667600631714,1.901033639907837,1.6228128671646118,2.6458191871643066,2.4733076095581055,2.0480000972747803,2.1719908714294434,2.2903997898101807,1.2245739683589976,0.9778527314261874,0.041618943214416504,1.3045012950897217
warrior2,104.34509771259592,175.40474837931757,99.16023425652726,141.28576533174163,24.016220485759835,2.409403522395801,87.53694197343182,1.193124532699585,0.8068752884864807,3.5678417682647705,4.559398651123047,1.4097943305969238,1.9328980445861816,2.7160940170288086,1.7534332275390625,3.756338596343994,3.853640556335449,1.9196316003799438,1.9358420372009277,2.9815611839294434,1.9265874684652153,0.9071519966085237,0.22251510620117188,1.0788532495498657
warrior2,176.8113158088433,100.74280007276393,125.45884259377937,91.37643397119761,1.6374552721487103,33.07833039727016,89.06603137986917,1.261840581893921,0.7381594777107239,3.413600444793701,4.551797866821289,1.5662941932678223,1.3929270505905151,1.483988881111145,1.8413912057876587,2.4678640365600586,2.42568039894104,2.0450491905212402,1.7983205318450928,2.0371665954589844,0.9474515962824617,1.3219571570886401,1.178015947341919,0.07086408138275146
warrior2,105.19031255064365,177.01784049402417,91.48521839190849,132.03392487173676,32.37120572934105,1.4943622067606852,92.71462829359089,1.2415552139282227,0.7584446668624878,3.472644805908203,4.720544815063477,1.4714946746826172,1.6313364505767822,1.854608178138733,1.6242507696151733,2.3334970474243164,2.309267520904541,1.8927781581878662,1.9931445121765137,2.2108426094055176,1.260355847487454,0.995655907391139,0.16345536708831787,1.200701355934143
warrior2,102.21794753520956,176.58992546061143,100.96933067678147,136.08489846678427,33.32475888547856,1.8420691759364392,90.69794843584843,1.2174335718154907,0.7825663685798645,3.593519449234009,4.446025848388672,1.5161501169204712,1.8558717966079712,1.9328508377075195,1.5796650648117065,3.2155921459198,3.201902389526367,2.0407845973968506,2.054943323135376,2.4851372241973877,1.2748404932309305,0.8511709787970938,0.112129807472229,1.0999062061309814
warrior2,94.68027133288417,176.1175808791452,84.14453892190588,122.69624799290504,40.877607660453705,1.8814881238345011,92.80265488584664,1.232953429222107,0.7670466303825378,3.2851645946502686,4.428983688354492,1.3658469915390015,1.3456453084945679,1.4613144397735596,1.4310634136199951,1.9427138566970825,1.9185272455215454,1.8360761404037476,1.9145362377166748,1.6313992738723755,1.0698953681712333,1.0634766391333448,0.02181839942932129,1.2005187273025513
warrior2,132.92569723145343,178.7118401540271,111.29062269939726,134.60157112235618,24.90065982990881,0.6699800416976136,97.03343980697468,1.1879059076309204,0.8120940327644348,3.0668249130249023,4.269829273223877,1.4536384344100952,1.426882028579712,1.3030034303665161,1.3180043697357178,2.023649215698242,1.9254932403564453,1.9905438423156738,1.7065441608428955,1.9932760000228882,0.8963731992420053,0.9236947551668833,0.21240150928497314,0.9830516576766968
warrior2,173.04607497641064,94.12377453168608,139.84262716827587,86.95819884283384,3.5844109399487754,26.334528941212653,83.15435792490081,1.1976467370986938,0.8023530840873718,3.6030447483062744,4.66812801361084,1.8967617750167847,1.2885870933532715,1.7831741571426392,2.5039026737213135,3.6670761108398438,3.7289817333221436,2.051781415939331,2.0223841667175293,2.6845266819000244,0.9401144838087935,1.943136590068475,1.383871078491211,0.11725127696990967
warrior2,179.0962601995504,118.57786719447037,114.17057349131085,91.28976336488392,0.4396855797159158,30.237191019380113,84.1033283801239,1.2838343381881714,0.7161656618118286,3.611319065093994,5.469287395477295,1.568438172340393,1.5555047988891602,1.6580456495285034,1.599432349205017,1.7608277797698975,1.8690886497497559,2.13851261138916,1.9176396131515503,1.7985174655914307,1.0571309865045015,1.0282393999091655,1.4833216667175293,0.3531757593154907
warrior2,175.20404449230298,118.27099415433294,140.98111013904082,110.7139966007842,2.3562586205681613,24.1115739164485,80.5354047865355,1.2390551567077637,0.7609447240829468,2.9517757892608643,3.745009660720825,1.5736833810806274,1.3595222234725952,1.6294182538986206,2.0313405990600586,2.501840829849243,2.697838544845581,1.7504938840866089,1.7784159183502197,2.681368112564087,1.0354161695242357,1.4941566013646002,1.0120657682418823,0.24093377590179443
warrior2,175.57481507159255,102.39461093905159,123.10598246622283,84.79308496308401,2.315621234410106,44.200990071602945,84.76966203159623,1.2348997592926025,0.765100359916687,3.1280357837677,4.0166449546813965,1.3068935871124268,1.2782961130142212,1.190771460533142,1.0094410181045532,1.4445676803588867,1.4129507541656494,1.920526146888733,1.6675621271133423,1.4404100179672241,0.9111457590195873,0.7896763653985684,0.8872321844100952,0.046204209327697754
warrior2,178.01988775805114,110.00466711978275,148.9140403186614,112.77859416697629,1.0135565833531817,29.46617638928271,55.001568556619766,0.6581830978393555,1.341817021369934,9.080621719360352,12.193782806396484,4.890666484832764,4.644522190093994,4.663537502288818,6.135624885559082,7.576364994049072,8.21830940246582,1.6777698993682861,4.245837688446045,7.444026947021484,0.9535584900735258,1.3210451610286633,0.4141409397125244,3.836272716522217
warrior2,178.1764031954533,122.41721254196071,146.8736200902016,121.44334079423199,0.9206860882942965,22.07590521785974,87.4111401927302,1.2159466743469238,0.7840533256530762,2.9198684692382812,3.5974435806274414,1.6911237239837646,1.5157850980758667,1.6600887775421143,2.3424391746520996,3.220566511154175,3.226409435272217,1.6399481296539307,1.740364670753479,3.068795680999756,0.9816477483881028,1.5453626191885408,0.920886754989624,0.22269582748413086
warrior2,177.35602743737167,103.29914855505628,132.39108983769628,89.69091677955167,1.3684501322777551,27.07760254441697,81.57513389531242,1.2641817331314087,0.735818088054657,3.4509360790252686,4.615615367889404,1.7371617555618286,1.3230584859848022,1.6193116903305054,2.2142229080200195,2.9421544075012207,3.0848772525787354,1.964950680732727,1.8326760530471802,2.422248363494873,0.9321588809948852,1.6735626262275665,1.2101633548736572,0.014942049980163574
warrior2,87.88539051703202,177.0465332524297,70.06229473905606,126.23611253854358,31.389517972001936,1.4221653187231318,101.55626988409874,1.1928240060806274,0.8071760535240173,3.800840139389038,5.439262866973877,1.406602144241333,1.7294840812683105,2.3556644916534424,1.8619052171707153,2.847329616546631,2.630455732345581,2.07360577583313,2.1248462200164795,2.171872854232788,1.6747186306938027,1.0765662203950872,0.1078711748123169,1.5862393379211426
warrior2,178.38141698987317,134.5930484817181,148.61609503788023,120.9581076285314,0.7707558730662701,17.088891537654664,87.66660819363541,1.241459608078003,0.7585405111312866,3.414423704147339,4.967655658721924,2.2096219062805176,1.8380780220031738,2.432654619216919,2.9671828746795654,3.499162197113037,3.5248186588287354,2.0264487266540527,1.9640411138534546,4.032914161682129,1.1009365499888997,1.6142847174469532,1.2668681144714355,0.38106250762939453
warrior2,137.32708002201724,179.17385803226395,135.59328176650297,162.0541469814465,13.766064607304056,0.41543006954569667,87.86623019241225,1.210683822631836,0.7893159985542297,3.3938722610473633,3.9834911823272705,2.1243155002593994,3.2023961544036865,4.315324783325195,3.180701494216919,6.003085136413574,5.941461563110352,1.7955505847930908,1.7059168815612793,6.00874662399292,2.0313944663134014,0.9932251812811744,0.1374821662902832,0.8004136085510254
warrior2,175.73864379256514,130.93188331118995,151.7380526009418,121.8190597820417,1.853402167996566,18.788499912789096,94.11447865559364,1.197707176208496,0.8022930026054382,2.9194886684417725,4.173310279846191,1.722779393196106,1.6020270586013794,2.237579107284546,2.5080270767211914,3.4040284156799316,3.2488369941711426,1.9077683687210083,1.803047776222229,3.4712328910827637,1.2988185355031725,1.56553255310071,0.9484636783599854,0.42425990104675293
warrior2,68.38972667435856,163.42025202380447,73.31720804291191,147.49711791323963,42.2177543329754,6.268164934345356,93.51061584468098,1.512023687362671,0.4879763126373291,4.247734069824219,6.490000247955322,2.592663288116455,2.2463338375091553,3.611529588699341,3.6828324794769287,5.128896236419678,4.945030212402344,3.3290493488311768,3.617440700531006,3.390376091003418,1.3929800341883372,1.6394850927747848,0.2736823558807373,2.88421368598938
warrior2,115.36871864207708,178.8007374225833,110.24604281442761,135.40788579645096,29.527303150430676,0.606840453031715,93.04326309090182,1.2520995140075684,0.7479004859924316,3.754798412322998,4.888079643249512,1.839139461517334,2.0048437118530273,2.1459765434265137,1.9587002992630005,2.7961575984954834,2.719229221343994,2.1868462562561035,2.274275779724121,3.0416557788848877,1.166836676333048,0.9769835477445149,0.11515402793884277,1.2884825468063354
warrior2,174.78920938071826,128.92860874122917,131.5231968232272,117.20116859889204,2.6511439988252783,20.859729555690603,86.56525075746063,1.2172356843948364,0.7827642560005188,3.1876413822174072,4.450349807739258,1.5213505029678345,1.5516881942749023,1.46898353099823,2.1927664279937744,3.0137410163879395,3.0542445182800293,2.092792272567749,2.0281825065612793,2.609400987625122,0.9655779930756004,1.4131479655102224,0.9939733743667603,0.16167521476745605
warrior2,99.6957100758139,175.23773860457942,92.03579076219802,141.13660164173245,29.670889393742996,2.5106103119907677,89.90654560762786,1.2290664911270142,0.7709335684776306,3.6726131439208984,4.589623928070068,1.5099632740020752,1.9038439989089966,2.3582170009613037,1.7076849937438965,3.064209461212158,3.1851110458374023,2.0068233013153076,2.170621871948242,2.717132568359375,1.5617700640764054,0.8969663994298328,0.13900423049926758,1.0821772813796997
warrior2,177.15909984692712,101.29251323876824,126.40042497547296,79.47339554455841,1.3161122612289589,38.058746830737114,87.26206336978508,1.2404882907867432,0.7595118880271912,3.248234987258911,4.582024097442627,1.2226181030273438,1.450958013534546,1.416135311126709,1.5332204103469849,1.9796576499938965,1.9782793521881104,1.812652826309204,1.842747449874878,1.5779622793197632,1.1582800461895264,1.0566945007027109,1.118758201599121,0.32097458839416504
warrior2,179.13091851015062,126.45213812660285,125.93508158631509,110.060379245879,0.4673002199585045,26.68632897714386,87.13197977543228,1.1447349786758423,0.8552650809288025,3.604534864425659,5.036855220794678,1.7668946981430054,1.4646358489990234,1.5178849697113037,1.4735383987426758,2.263059139251709,2.265955686569214,2.486274003982544,1.8953043222427368,2.112414836883545,0.8590688014615633,1.0060776497257569,1.2024996280670166,0.25227487087249756
warrior2,179.47998221561687,100.42201692897687,133.1956120720558,84.96104778993919,0.2624426388026188,27.781285997809274,84.93038338562285,1.2118840217590332,0.7881160378456116,3.391483783721924,4.620956897735596,1.5934690237045288,1.2883952856063843,1.5647985935211182,2.172180652618408,2.6224472522735596,2.6419553756713867,1.9845973253250122,1.7282650470733643,2.237844467163086,0.9820069221529787,1.6859569349007169,1.1584415435791016,0.21912992000579834
warrior2,133.447512102742,177.9298187745508,144.99052358110671,150.81281816382565,22.008247122632444,1.0017104947343989,89.45800792071785,1.2451374530792236,0.7548624277114868,2.8483588695526123,3.1599674224853516,2.1821606159210205,2.397865056991577,2.418905258178711,2.558095693588257,3.2424962520599365,3.105799913406372,1.8519237041473389,2.048975944519043,4.441520690917969,1.1084904255167958,1.0668217626791496,0.645112156867981,0.9546040296554565
warrior2,111.51738728287516,178.76853550478467,103.69760628520459,128.09540801647995,32.24188616884892,0.5914913123136851,89.55066885911424,1.3603439331054688,0.6396560668945312,3.3643100261688232,4.4821624755859375,1.9225451946258545,1.3215323686599731,2.130422353744507,1.4296543598175049,2.766395330429077,2.7572193145751953,2.319180488586426,1.6853833198547363,2.3857131004333496,1.108125443071139,1.0818148021999368,0.029069900512695312,1.0139902830123901
warrior2,178.21677191436797,97.44212873123445,108.35662530655352,84.66748820270043,0.9323022937612381,46.03183097118863,88.67193812032211,1.2647478580474854,0.7352522611618042,3.2996468544006348,4.339507579803467,1.306971788406372,1.3752537965774536,1.192036747932434,1.137286901473999,1.5216203927993774,1.517738938331604,1.9665234088897705,1.9414864778518677,1.2913168668746948,0.9120593469936872,0.8269645045444113,1.0441924333572388,0.02764451503753662
warrior2,111.51738728287516,178.76853550478467,103.69760628520459,128.09540801647995,32.24188616884892,0.5914913123136851,89.55066885911424,1.3603439331054688,0.6396560668945312,3.3643100261688232,4.4821624755859375,1.9225451946258545,1.3215323686599731,2.130422353744507,1.4296543598175049,2.766395330429077,2.7572193145751953,2.319180488586426,1.6853833198547363,2.3857131004333496,1.108125443071139,1.0818148021999368,0.029069900512695312,1.0139902830123901
warrior2,173.55143866621927,104.55048215329974,124.79626205010396,92.48722352933952,3.410361597400372,41.87091825951372,83.37129971247913,1.1852765083312988,0.8147236704826355,2.9985663890838623,3.730660915374756,1.1699440479278564,1.2551863193511963,1.0423922538757324,1.0400989055633545,1.5323163270950317,1.547568917274475,1.7749223709106445,1.9826735258102417,1.4034534692764282,0.8909753972820872,0.8286403866006068,0.7797020673751831,0.026563405990600586
warrior2,98.27111271914814,171.95916631988106,87.03342492029788,130.89466397313086,32.413477343577675,4.170069216479805,89.50298010123974,1.2564858198165894,0.7435141801834106,4.200222969055176,5.730815887451172,1.6973210573196411,2.1097264289855957,2.4011828899383545,1.958478331565857,2.99019718170166,3.090038299560547,2.490086555480957,2.5723252296447754,2.6309828758239746,1.4146890270961474,0.9283087021850671,0.2827603816986084,1.5398920774459839
warrior2,107.27503308149358,176.3310955745248,96.4784835883053,137.90721882789904,31.91442410826043,1.898057816953042,93.20752169646086,1.2621952295303345,0.7378047108650208,3.3918066024780273,4.408388614654541,1.5286346673965454,1.6855134963989258,1.8898144960403442,1.5726927518844604,2.5532190799713135,2.5021297931671143,1.7652602195739746,1.7092359066009521,2.3964977264404297,1.2362752854373278,0.9330639132706915,0.056534647941589355,1.0720523595809937
warrior2,104.57449854575763,177.65740383942097,96.33811568232345,124.8426449671136,34.387173232890774,1.1263962120204047,90.96008634797165,1.2965061664581299,0.7034939527511597,3.8320446014404297,5.217869758605957,1.7384711503982544,1.8004902601242065,2.0209872722625732,1.9449087381362915,2.6305365562438965,2.59643816947937,2.244297981262207,2.2122690677642822,2.5203440189361572,1.1625077064361369,1.080210041120734,0.028397083282470703,1.4274601936340332
warrior2,179.22292314492367,93.03289830550652,113.99836258115819,76.50405575677703,0.3896676766123833,48.856794213388035,84.00913501239164,1.242540955543518,0.7574590444564819,3.405778646469116,4.586966514587402,1.3648709058761597,1.3870880603790283,1.3551775217056274,1.1367896795272827,1.4480350017547607,1.49051034450531,1.9452757835388184,2.0463013648986816,1.313177466392517,0.9928972205165957,0.8195506056522787,1.209227204322815,0.02397286891937256
warrior2,179.0962601995504,118.57786719447037,114.17057349131085,91.28976336488392,0.4396855797159158,30.237191019380113,84.1033283801239,1.2838343381881714,0.7161656618118286,3.611319065093994,5.469287395477295,1.568438172340393,1.5555047988891602,1.6580456495285034,1.599432349205017,1.7608277797698975,1.8690886497497559,2.13851261138916,1.9176396131515503,1.7985174655914307,1.0571309865045015,1.0282393999091655,1.4833216667175293,0.3531757593154907
warrior2,177.76314081967502,113.81393941709611,134.69493685316385,102.17902193719218,1.1302116992936404,32.71317249401444,80.04400569513612,1.1936239004135132,0.806376039981842,3.250507116317749,4.208518981933594,1.4137977361679077,1.5290685892105103,1.384671926498413,1.5604982376098633,2.0153017044067383,2.144508123397827,2.109556198120117,2.0881919860839844,2.0903537273406982,0.9793981923138207,1.0205540994478743,1.0243979692459106,0.09007740020751953
warrior2,179.14636632877938,115.31882551514217,127.69873862557736,96.15208296470502,0.43611082356329306,31.52878101290412,81.51453719959615,1.2060974836349487,0.7939024567604065,3.254415512084961,4.486894607543945,1.403775930404663,1.3999797105789185,1.344229817390442,1.4640746116638184,1.8014709949493408,1.9160786867141724,1.9581317901611328,1.9775373935699463,1.8148579597473145,0.9575807867158384,1.0457819887092559,1.1043840646743774,0.11914217472076416
warrior2,98.00629668808496,169.49722745479826,88.05696234711051,142.02742392698926,27.232680620101057,5.567360156167031,99.31789547752625,1.2093333005905151,0.7906667590141296,4.156609535217285,5.510789394378662,1.7083491086959839,2.2012951374053955,3.0491321086883545,1.952055811882019,3.811497211456299,3.6238787174224854,2.356637716293335,2.46330189704895,3.133118152618408,1.7848402930800966,0.8867756494511688,0.12753057479858398,1.5913283824920654
warrior2,175.57481507159255,102.39461093905159,123.10598246622283,84.79308496308401,2.315621234410106,44.200990071602945,84.76966203159623,1.2348997592926025,0.765100359916687,3.1280357837677,4.0166449546813965,1.3068935871124268,1.2782961130142212,1.190771460533142,1.0094410181045532,1.4445676803588867,1.4129507541656494,1.920526146888733,1.6675621271133423,1.4404100179672241,0.9111457590195873,0.7896763653985684,0.8872321844100952,0.046204209327697754
warrior2,161.23995916004463,86.93855404228634,109.39652218282276,75.60761381583339,8.872698417951963,40.79237166474261,90.67379304508383,1.2847298383712769,0.7152701616287231,3.5019235610961914,4.6468939781188965,1.362726092338562,1.4711884260177612,1.517085075378418,1.7809854745864868,2.68544340133667,2.628818988800049,2.1168577671051025,1.8213783502578735,1.643094778060913,1.113271383468985,1.210575227832684,1.0740716457366943,0.1791856288909912
warrior2,103.60790743950795,170.6514255425809,88.82087308108552,122.52789312068566,38.09603611828032,4.5187838188702,93.18447146738481,1.210569143295288,0.7894308567047119,3.359985828399658,4.7894697189331055,1.358941674232483,1.4355820417404175,1.3649845123291016,1.5341311693191528,1.8555418252944946,1.8437204360961914,1.895490288734436,1.9410557746887207,1.6344106197357178,1.004445984522512,1.0686467621261821,0.12099266052246094,1.3723008632659912
warrior2,178.53473080676048,98.9108894386219,122.06206123270273,89.43240807964709,0.7319515917065431,40.10081418962934,87.30272472428616,1.2169814109802246,0.7830187678337097,3.300083637237549,4.376373767852783,1.3785821199417114,1.3481742143630981,1.3820788860321045,1.3728092908859253,1.9661959409713745,1.913135051727295,1.9530205726623535,1.8056384325027466,1.6476600170135498,1.002535767368558,1.0182721624462328,1.1413127183914185,0.004090666770935059
warrior2,173.25122028730334,105.24090661020004,123.70357624635132,101.17128019247093,3.160625818773022,38.929294843554054,90.72421807269959,1.301604151725769,0.6983959078788757,3.8778016567230225,5.520276069641113,1.8389474153518677,1.8572341203689575,2.0873217582702637,1.7301952838897705,2.67710018157959,2.827507734298706,2.4058382511138916,2.4393386840820312,2.4262917041778564,1.1350627025994484,0.9315973324616276,1.7229562997817993,0.04640674591064453
warrior2,99.56424183659097,173.4123286613566,93.65408652460225,128.74530461331918,33.39828726146212,3.3414643438904483,86.51085327010748,1.2437118291854858,0.7562882304191589,3.236436605453491,4.2547287940979,1.322108507156372,1.4906076192855835,1.757667899131775,1.448185682296753,2.2781317234039307,2.3919951915740967,1.781695008277893,1.832898497581482,2.0116636753082275,1.3294419937363686,0.9715398553047662,0.1004030704498291,1.0849816799163818
